inchikey,Frequency
MBMQEIFVQACCCH-QBODLPLBSA-N,18
AJLFOPYRIVGYMJ-INTXDZFKSA-N,5
RHMXXJGYXNZAPX-UHFFFAOYSA-N,16
BEJNERDRQOWKJM-UHFFFAOYSA-N,11
DDUHZTYCFQRHIY-RBHXEPJQSA-N,5
WVVSZNPYNCNODU-XTQGRXLLSA-N,5
DGMPVYSXXIOGJY-UHFFFAOYSA-N,20
HRKAMJBPFPHCSD-UHFFFAOYSA-N,20
GWVUTNGDMGTPFE-UHFFFAOYSA-N,12
BJQHLKABXJIVAM-UHFFFAOYSA-N,13
DQWPFSLDHJDLRL-UHFFFAOYSA-N,28
PZBQVZFITSVHAW-UHFFFAOYSA-N,20
WTLBZVNBAKMVDP-UHFFFAOYSA-N,26
XZZNDPSIHUTMOC-UHFFFAOYSA-N,39
HBGGXOJOCNVPFY-UHFFFAOYSA-N,12
PYGXAGIECVVIOZ-UHFFFAOYSA-N,12
YSMRWXYRXBRSND-UHFFFAOYSA-N,13
BOSMZFBHAYFUBJ-UHFFFAOYSA-N,18
RYUJRXVZSJCHDZ-UHFFFAOYSA-N,12
SAOKZLXYCUGLFA-UHFFFAOYSA-N,9
STCOOQWBFONSKY-UHFFFAOYSA-N,12
DOZRDZLFLOODMB-UHFFFAOYSA-N,12
GTVWRXDRKAHEAD-UHFFFAOYSA-N,18
HQUQLFOMPYWACS-UHFFFAOYSA-N,13
QZCLKYGREBVARF-UHFFFAOYSA-N,15
KRADHMIOFJQKEZ-UHFFFAOYSA-N,12
CMGDVUCDZOBDNL-UHFFFAOYSA-N,29
IZYUWBATGXUSIK-UHFFFAOYSA-N,3
HORIEOQXBKUKGQ-UHFFFAOYSA-N,18
ASLWPAWFJZFCKF-UHFFFAOYSA-N,6
RMLPZKRPSQVRAB-UHFFFAOYSA-N,12
ZVFDTKUVRCTHQE-UHFFFAOYSA-N,12
UHGULLIUJBCTEF-UHFFFAOYSA-N,27
FZUGPQWGEGAKET-UHFFFAOYSA-N,8
QRUDEWIWKLJBPS-UHFFFAOYSA-N,42
IOJUPLGTWVMSFF-UHFFFAOYSA-N,21
VHCNQEUWZYOAEV-UHFFFAOYSA-N,31
LVQDKIWDGQRHTE-UHFFFAOYSA-N,16
QELSKZZBTMNZEB-UHFFFAOYSA-N,5
JOFDPSBOUCXJCC-UHFFFAOYSA-N,13
ICNFHJVPAJKPHW-UHFFFAOYSA-N,17
ULGZDMOVFRHVEP-RWJQBGPGSA-N,37
XQVWYOYUZDUNRW-UHFFFAOYSA-N,11
MKUXAQIIEYXACX-UHFFFAOYSA-N,10
NDAUXUAQIAJITI-UHFFFAOYSA-N,21
LFTLOKWAGJYHHR-UHFFFAOYSA-N,3
DOOTYTYQINUNNV-UHFFFAOYSA-N,7
JZQKKSLKJUAGIC-UHFFFAOYSA-N,10
XMTQQYYKAHVGBJ-UHFFFAOYSA-N,31
LNOOSYCKMKZOJB-UHFFFAOYSA-N,26
PUYXTUJWRLOUCW-UHFFFAOYSA-N,30
FRQMUZJSZHZSGN-HBNHAYAOSA-N,6
PQFRTXSWDXZRRS-UHFFFAOYSA-N,16
BCGWQEUPMDMJNV-UHFFFAOYSA-N,7
PSIFNNKUMBGKDQ-UHFFFAOYSA-N,17
ZZVUWRFHKOJYTH-UHFFFAOYSA-N,18
XOFYZVNMUHMLCC-ZPOLXVRWSA-N,24
AIFRHYZBTHREPW-UHFFFAOYSA-N,21
AYXYPKUFHZROOJ-ZETCQYMHSA-N,14
FOUWCSDKDDHKQP-UHFFFAOYSA-N,11
IVUXTESCPZUGJC-UHFFFAOYSA-N,16
VXTGHWHFYNYFFV-UHFFFAOYSA-N,5
ZZUFCTLCJUWOSV-UHFFFAOYSA-N,23
DPSPPJIUMHPXMA-UHFFFAOYSA-N,15
PHNUZKMIPFFYSO-UHFFFAOYSA-N,15
SGTNSNPWRIOYBX-UHFFFAOYSA-N,34
JYGXADMDTFJGBT-VWUMJDOOSA-N,22
FEBLZLNTKCEFIT-VSXGLTOVSA-N,12
HXAIQOCRALNGKB-UHFFFAOYSA-N,3
YQEZLKZALYSWHR-UHFFFAOYSA-N,26
WYEMLYFITZORAB-UHFFFAOYSA-N,30
GXPIUNZCALHVBA-UHFFFAOYSA-N,30
LFULEKSKNZEWOE-UHFFFAOYSA-N,13
KNAHARQHSZJURB-UHFFFAOYSA-N,9
MWBPRDONLNQCFV-UHFFFAOYSA-N,16
VEQOALNAAJBPNY-UHFFFAOYSA-N,148
PXWLVJLKJGVOKE-UHFFFAOYSA-N,26
CHMBIJAOCISYEW-UHFFFAOYSA-N,11
WJCNZQLZVWNLKY-UHFFFAOYSA-N,38
FIQMHBFVRAXMOP-UHFFFAOYSA-N,27
RIZMRRKBZQXFOY-UHFFFAOYSA-N,17
WXURHACBFYSXBI-GQKYHHCASA-N,6
VHYFNPMBLIVWCW-UHFFFAOYSA-N,7
RNLHGQLZWXBQNY-UHFFFAOYSA-N,10
LRUDIIUSNGCQKF-UHFFFAOYSA-N,33
KIEDNEWSYUYDSN-UHFFFAOYSA-N,37
QHOQHJPRIBSPCY-UHFFFAOYSA-N,11
FSQKKOOTNAMONP-UHFFFAOYSA-N,16
FELGMEQIXOGIFQ-UHFFFAOYSA-N,7
XEGGRYVFLWGFHI-UHFFFAOYSA-N,11
IAKHMKGGTNLKSZ-INIZCTEOSA-N,40
ZDPIZLCVJAAHHR-UHFFFAOYSA-N,5
DKMFBWQBDIGMHM-UHFFFAOYSA-N,7
WXCMHFPAUCOJIG-UHFFFAOYSA-N,4
PMRYVIKBURPHAH-UHFFFAOYSA-N,12
UFEODZBUAFNAEU-NLRVBDNBSA-N,19
FQKUGOMFVDPBIZ-UHFFFAOYSA-N,30
PROQIPRRNZUXQM-ZXXIGWHRSA-N,2
IMFACGCPASFAPR-UHFFFAOYSA-N,12
CYESCLHCWJKRKM-UHFFFAOYSA-N,30
OIGNJSKKLXVSLS-VWUMJDOOSA-N,20
ALZOLUNSQWINIR-UHFFFAOYSA-N,22
WYVVKGNFXHOCQV-UHFFFAOYSA-N,24
DFWFIQKMSFGDCQ-UHFFFAOYSA-N,37
IUBSYMUCCVWXPE-UHFFFAOYSA-N,32
ZOMSMJKLGFBRBS-UHFFFAOYSA-N,20
NAPNOSFRRMHNBJ-UHFFFAOYSA-N,5
ZQTNQVWKHCQYLQ-UHFFFAOYSA-N,24
XKJMBINCVNINCA-UHFFFAOYSA-N,25
GJPICJJJRGTNOD-UHFFFAOYSA-N,7
CJJOSEISRRTUQB-UHFFFAOYSA-N,18
LXCFILQKKLGQFO-UHFFFAOYSA-N,5
NTJOBXMMWNYJFB-UHFFFAOYSA-N,19
PMCBDBWCQQBSRJ-UHFFFAOYSA-N,14
KPUREKXXPHOJQT-UHFFFAOYSA-N,17
VOXZDWNPVJITMN-ZBRFXRBCSA-N,9
RZVAJINKPMORJF-UHFFFAOYSA-N,26
GFNANZIMVAIWHM-OBYCQNJPSA-N,12
IRCMYGHHKLLGHV-UHFFFAOYSA-N,25
JPMIIZHYYWMHDT-UHFFFAOYSA-N,20
QZUDBNBUXVUHMW-UHFFFAOYSA-N,21
PUIYMUZLKQOUOZ-UHFFFAOYSA-N,31
VVBLNCFGVYUYGU-UHFFFAOYSA-N,17
QGHREAKMXXNCOA-UHFFFAOYSA-N,11
YWTYJOPNNQFBPC-UHFFFAOYSA-N,29
ODCWYMIRDDJXKW-UHFFFAOYSA-N,34
HZJKXKUJVSEEFU-UHFFFAOYSA-N,27
MXWJVTOOROXGIU-UHFFFAOYSA-N,31
NZCRJKRKKOLAOJ-XRCRFVBUSA-N,8
ZCVAOQKBXKSDMS-UHFFFAOYSA-N,6
SDYWXFYBZPNOFX-UHFFFAOYSA-N,6
AXRYRYVKAWYZBR-GASGPIRDSA-N,16
GBXSMTUPTTWBMN-XIRDDKMYSA-N,7
PCZOHLXUXFIOCF-BXMDZJJMSA-N,16
NUVBSKCKDOMJSU-UHFFFAOYSA-N,13
ASMQGLCHMVWBQR-UHFFFAOYSA-N,7
UIKROCXWUNQSPJ-VIFPVBQESA-N,27
MKXKFYHWDHIYRV-UHFFFAOYSA-N,6
CAWXEEYDBZRFPE-UHFFFAOYSA-N,29
BUGYDGFZZOZRHP-UHFFFAOYSA-N,16
PNVJTZOFSHSLTO-UHFFFAOYSA-N,7
JDSHMPZPIAZGSV-UHFFFAOYSA-N,16
WZJZMXBKUWKXTQ-UHFFFAOYSA-N,19
STJLVHWMYQXCPB-UHFFFAOYSA-N,41
ZRVUJXDFFKFLMG-UHFFFAOYSA-N,11
MGLWZSOBALDPEK-UHFFFAOYSA-N,11
RYLHNOVXKPXDIP-UHFFFAOYSA-N,7
ICUTUKXCWQYESQ-UHFFFAOYSA-N,21
JRBJSXQPQWSCCF-UHFFFAOYSA-N,16
PYZRQGJRPPTADH-UHFFFAOYSA-N,21
MLYYVTUWGNIJIB-BXKDBHETSA-N,10
PORQOHRXAJJKGK-UHFFFAOYSA-N,21
QGXBDMJGAMFCBF-HLUDHZFRSA-N,8
JWUXJYZVKZKLTJ-UHFFFAOYSA-N,3
JVMSQRAXNZPDHF-UHFFFAOYSA-N,2
HPNSFSBZBAHARI-RUDMXATFSA-N,36
XUKUURHRXDUEBC-KAYWLYCHSA-N,38
IEDVJHCEMCRBQM-UHFFFAOYSA-N,30
VOXZDWNPVJITMN-SFFUCWETSA-N,6
VHRSUDSXCMQTMA-PJHHCJLFSA-N,36
YMTINGFKWWXKFG-UHFFFAOYSA-N,21
MIWRSUQXSCLDNV-UHFFFAOYSA-N,14
JLKIGFTWXXRPMT-UHFFFAOYSA-N,129
CBGUOGMQLZIXBE-XGQKBEPLSA-N,6
PZXOQEXFMJCDPG-UHFFFAOYSA-N,11
RTCOGUMHFFWOJV-UHFFFAOYSA-N,20
RLBIQVVOMOPOHC-UHFFFAOYSA-N,6
SIGSPDASOTUPFS-XUDSTZEESA-N,6
DMSMPAJRVJJAGA-UHFFFAOYSA-N,26
ASWVTGNCAZCNNR-UHFFFAOYSA-N,25
DIWRORZWFLOCLC-UHFFFAOYSA-N,13
RMMXLENWKUUMAY-UHFFFAOYSA-N,27
ARZWATDYIYAUTA-UHFFFAOYSA-N,6
VOVIALXJUBGFJZ-VXKMTNQYSA-N,6
HAORKNGNJCEJBX-UHFFFAOYSA-N,32
WCXDHFDTOYPNIE-UHFFFAOYSA-N,6
DZGWFCGJZKJUFP-UHFFFAOYSA-N,33
FSVJFNAIGNNGKK-UHFFFAOYSA-N,26
DXGLGDHPHMLXJC-UHFFFAOYSA-N,25
NKANXQFJJICGDU-QPLCGJKRSA-N,13
RTHCYVBBDHJXIQ-UHFFFAOYSA-N,18
BAZVSMNPJJMILC-UHFFFAOYSA-N,9
RYAUSSKQMZRMAI-ALOPSCKCSA-N,21
PSGAAPLEWMOORI-PEINSRQWSA-N,7
IVENSCMCQBJAKW-UHFFFAOYSA-N,40
ISEUFVQQFVOBCY-UHFFFAOYSA-N,19
CJBJHOAVZSMMDJ-HEXNFIEUSA-N,16
RYMZZMVNJRMUDD-HGQWONQESA-N,11
GCKMFJBGXUYNAG-HLXURNFRSA-N,12
MHKLKWCYGIBEQF-UHFFFAOYSA-N,7
IDQHRQQSSQDLTR-UHFFFAOYSA-N,23
YHXISWVBGDMDLQ-UHFFFAOYSA-N,20
ASOKPJOREAFHNY-UHFFFAOYSA-N,23
IIBYAHWJQTYFKB-UHFFFAOYSA-N,27
TZBJGXHYKVUXJN-UHFFFAOYSA-N,57
JNNOSTQEZICQQP-UHFFFAOYSA-N,18
GLVAUDGFNGKCSF-UHFFFAOYSA-N,9
WWYNJERNGUHSAO-CULCCENASA-N,6
YFNKIDBQEZZDLK-UHFFFAOYSA-N,10
JHSPCUHPSIUQRB-UHFFFAOYSA-N,25
HDDSHPAODJUKPD-UHFFFAOYSA-N,10
NHDHVHZZCFYRSB-UHFFFAOYSA-N,11
UVCJGUGAGLDPAA-UHFFFAOYSA-N,11
VTNQPKFIQCLBDU-UHFFFAOYSA-N,26
HHUQPWODPBDTLI-UHFFFAOYSA-N,17
NNJVILVZKWQKPM-UHFFFAOYSA-N,38
HJOVHMDZYOCNQW-UHFFFAOYSA-N,52
KRTSDMXIXPKRQR-AATRIKPKSA-N,10
YBGZDTIWKVFICR-JLHYYAGUSA-N,6
DKNWSYNQZKUICI-UHFFFAOYSA-N,23
KVMPUXDNESXNOH-UHFFFAOYSA-N,6
OWEGWHBOCFMBLP-UHFFFAOYSA-N,21
RONZAEMNMFQXRA-UHFFFAOYSA-N,20
RYYVLZVUVIJVGH-UHFFFAOYSA-N,52
GJSURZIOUXUGAL-UHFFFAOYSA-N,12
RQVGAIADHNPSME-UHFFFAOYSA-N,16
HDHLIWCXDDZUFH-UHFFFAOYSA-N,33
SMWDFEZZVXVKRB-UHFFFAOYSA-N,10
JWYUFVNJZUSCSM-UHFFFAOYSA-N,40
ADIMAYPTOBDMTL-UHFFFAOYSA-N,31
XMAYWYJOQHXEEK-OZXSUGGESA-N,29
YBBLVLTVTVSKRW-UHFFFAOYSA-N,13
FJLGEFLZQAZZCD-MCBHFWOFSA-N,11
NUIURNJTPRWVAP-UHFFFAOYSA-N,6
ZFXYFBGIUFBOJW-UHFFFAOYSA-N,35
WFDXOXNFNRHQEC-GHRIWEEISA-N,31
DKYWVDODHFEZIM-UHFFFAOYSA-N,28
TWFZGCMQGLPBSX-UHFFFAOYSA-N,31
WBGKWQHBNHJJPZ-LECWWXJVSA-N,6
HTQMVQVXFRQIKW-UHFFFAOYSA-N,28
NQPDXQQQCQDHHW-UHFFFAOYSA-N,12
QSLMDECMDJKHMQ-UHFFFAOYSA-N,16
JCCNYMKQOSZNPW-UHFFFAOYSA-N,12
JAUOIFJMECXRGI-UHFFFAOYSA-N,7
MJJALKDDGIKVBE-UHFFFAOYSA-N,7
HFACYLZERDEVSX-UHFFFAOYSA-N,6
OEBRKCOSUFCWJD-UHFFFAOYSA-N,17
YWFWDNVOPHGWMX-UHFFFAOYSA-N,5
ABRIMXGLNHCLIP-UHFFFAOYSA-N,3
FFGPTBGBLSHEPO-UHFFFAOYSA-N,31
MUMGGOZAMZWBJJ-DYKIIFRCSA-N,14
FBOZXECLQNJBKD-ZDUSSCGKSA-N,6
WVQBLGZPHOPPFO-UHFFFAOYSA-N,35
PWWVAXIEGOYWEE-UHFFFAOYSA-N,7
KNHUKKLJHYUCFP-UHFFFAOYSA-N,5
METQSPRSQINEEU-HXCATZOESA-N,6
NGBFQHCMQULJNZ-UHFFFAOYSA-N,13
DQMZLTXERSFNPB-UHFFFAOYSA-N,30
JOOMJVFZQRQWKR-UHFFFAOYSA-N,17
ZQEIXNIJLIKNTD-UHFFFAOYSA-N,27
GVGLGOZIDCSQPN-PVHGPHFFSA-N,10
VMXUWOKSQNHOCA-UKTHLTGXSA-N,29
NDDAHWYSQHTHNT-UHFFFAOYSA-N,19
HJUFTIJOISQSKQ-UHFFFAOYSA-N,25
IROINLKCQGIITA-UHFFFAOYSA-N,27
AOMUHOFOVNGZAN-UHFFFAOYSA-N,7
IMUDHTPIFIBORV-UHFFFAOYSA-N,3
MQJKPEGWNLWLTK-UHFFFAOYSA-N,22
WYKYKTKDBLFHCY-UHFFFAOYSA-N,39
ZMYFCFLJBGAQRS-UHFFFAOYSA-N,13
MCWXGJITAZMZEV-UHFFFAOYSA-N,30
ZQSIJRDFPHDXIC-UHFFFAOYSA-N,61
HOMGKSMUEGBAAB-UHFFFAOYSA-N,26
NLZUEZXRPGMBCV-UHFFFAOYSA-N,5
NCDNCNXCDXHOMX-XGKFQTDJSA-N,10
BNCADMBVWNPPIZ-UHFFFAOYSA-N,8
RMEDXOLNCUSCGS-UHFFFAOYSA-N,19
XUIIKFGFIJCVMT-LBPRGKRZSA-N,1
KJHKTHWMRKYKJE-SUGCFTRWSA-N,6
FIPWRIJSWJWJAI-UHFFFAOYSA-N,3
GAGWJHPBXLXJQN-UORFTKCHSA-N,10
RCTGMCJBQGBLKT-PAMTUDGESA-N,3
HYYBABOKPJLUIN-UHFFFAOYSA-N,37
TVYLLZQTGLZFBW-ZBFHGGJFSA-N,22
ZBMZVLHSJCTVON-UHFFFAOYSA-N,27
RMMXTBMQSGEXHJ-UHFFFAOYSA-N,30
OWRCNXZUPFZXOS-UHFFFAOYSA-N,15
GZUITABIAKMVPG-UHFFFAOYSA-N,13
RDQSIADLBQFVMY-UHFFFAOYSA-N,5
OCAPBUJLXMYKEJ-UHFFFAOYSA-N,7
FSAVDKDHPDSCTO-UHFFFAOYSA-N,16
AEMFNILZOJDQLW-QAGGRKNESA-N,15
IANUJLZYFUDJIH-UHFFFAOYSA-N,26
WURGXGVFSMYFCG-UHFFFAOYSA-N,10
XWPZUHJBOLQNMN-UHFFFAOYSA-N,19
JGMOKGBVKVMRFX-HQZYFCCVSA-N,7
WOFMFGQZHJDGCX-ZULDAHANSA-N,6
SEQDDYPDSLOBDC-UHFFFAOYSA-N,7
QMLVECGLEOSESV-RYUDHWBXSA-N,12
QPQKUYVSJWQSDY-CCEZHUSRSA-N,10
CIGKZVUEZXGYSV-UHFFFAOYSA-N,21
RQZAXGRLVPAYTJ-GQFGMJRRSA-N,13
RAPZEAPATHNIPO-UHFFFAOYSA-N,20
PJVWKTKQMONHTI-UHFFFAOYSA-N,17
PNVNVHUZROJLTJ-UHFFFAOYSA-N,40
SAADBVWGJQAEFS-UHFFFAOYSA-N,10
FGXWKSZFVQUSTL-UHFFFAOYSA-N,7
AJPIUNPJBFBUKK-UHFFFAOYSA-N,30
METKIMKYRPQLGS-UHFFFAOYSA-N,26
JWHAUXFOSRPERK-UHFFFAOYSA-N,6
PMHURSZHKKJGBM-UHFFFAOYSA-N,21
OUBMGJOQLXMSNT-UHFFFAOYSA-N,10
OMFXVFTZEKFJBZ-HJTSIMOOSA-N,19
XCSGPAVHZFQHGE-UHFFFAOYSA-N,19
OROGSEYTTFOCAN-DNJOTXNNSA-N,27
OFCNXPDARWKPPY-UHFFFAOYSA-N,14
PVHUJELLJLJGLN-UHFFFAOYSA-N,7
GOVWOKSKFSBNGD-UHFFFAOYSA-N,6
CGIGDMFJXJATDK-UHFFFAOYSA-N,27
WRPIRSINYZBGPK-UHFFFAOYSA-N,17
QLHULAHOXSSASE-UHFFFAOYSA-N,18
AAOVKJBEBIDNHE-UHFFFAOYSA-N,25
RJKFOVLPORLFTN-LEKSSAKUSA-N,21
CHIFOSRWCNZCFN-UHFFFAOYSA-N,23
KIQQMECNKUGGKA-NMYWJIRASA-N,6
NSPMIYGKQJPBQR-UHFFFAOYSA-N,1
KYGZCKSPAKDVKC-UHFFFAOYSA-N,12
ZNNLBTZKUZBEKO-UHFFFAOYSA-N,13
SEOVTRFCIGRIMH-UHFFFAOYSA-N,22
UGJMXCAKCUNAIE-UHFFFAOYSA-N,25
GECHUMIMRBOMGK-UHFFFAOYSA-N,25
XSFJVAJPIHIPKU-XWCQMRHXSA-N,6
DDRJAANPRJIHGJ-UHFFFAOYSA-N,8
AHTPATJNIAFOLR-UHFFFAOYSA-N,24
QIKYZXDTTPVVAC-UHFFFAOYSA-N,17
VIKNJXKGJWUCNN-XGXHKTLJSA-N,15
ILKJAFIWWBXGDU-MOGDOJJUSA-N,6
IAOZJIPTCAWIRG-QWRGUYRKSA-N,15
FAKRSMQSSFJEIM-RQJHMYQMSA-N,16
WLFDQEVORAMCIM-UHFFFAOYSA-N,5
FMJSMJQBSVNSBF-UHFFFAOYSA-N,7
NVKAWKQGWWIWPM-ABEVXSGRSA-N,6
IKTHMQYJOWTSJO-UHFFFAOYSA-N,6
IBSNKSODLGJUMQ-SDNWHVSQSA-N,12
VBCVPMMZEGZULK-NRFANRHFSA-N,17
LMYRWZFENFIFIT-UHFFFAOYSA-N,16
KVWDHTXUZHCGIO-UHFFFAOYSA-N,10
KTALPKYXQZGAEG-UHFFFAOYSA-N,14
GSDSWSVVBLHKDQ-UHFFFAOYSA-N,17
MXXWOMGUGJBKIW-YPCIICBESA-N,49
QQQYTWIFVNKMRW-UHFFFAOYSA-N,7
JNMRHUJNCSQMMB-UHFFFAOYSA-N,25
MVWVFYHBGMAFLY-UHFFFAOYSA-N,7
RZEKVGVHFLEQIL-UHFFFAOYSA-N,7
CHNUNORXWHYHNE-UHFFFAOYSA-N,20
HEMJJKBWTPKOJG-UHFFFAOYSA-N,12
OPXLLQIJSORQAM-UHFFFAOYSA-N,16
IQPSEEYGBUAQFF-UHFFFAOYSA-N,21
UHSKFQJFRQCDBE-UHFFFAOYSA-N,6
YOSHYTLCDANDAN-UHFFFAOYSA-N,28
PSFDQSOCUJVVGF-UHFFFAOYSA-N,52
RDOIQAHITMMDAJ-UHFFFAOYSA-N,13
MNIPYSSQXLZQLJ-UHFFFAOYSA-N,5
FVUGZKDGWGKCFE-UHFFFAOYSA-N,1
MFYSYFVPBJMHGN-ZPOLXVRWSA-N,52
PXMNMQRDXWABCY-UHFFFAOYSA-N,36
BGRJTUBHPOOWDU-UHFFFAOYSA-N,10
BYBLEWFAAKGYCD-UHFFFAOYSA-N,6
FAOZLTXFLGPHNG-KNAQIMQKSA-N,12
DOMXUEMWDBAQBQ-WEVVVXLNSA-N,7
FAEKWTJYAYMJKF-QHCPKHFHSA-N,10
IPRJXAGUEGOFGG-UHFFFAOYSA-N,8
RXZBMPWDPOLZGW-HITVVWEBSA-N,7
PJMPHNIQZUBGLI-UHFFFAOYSA-N,14
XXOYNJXVWVNOOJ-UHFFFAOYSA-N,22
VLYWMPOKSSWJAL-UHFFFAOYSA-N,5
RFHAOTPXVQNOHP-UHFFFAOYSA-N,28
BRBKOPJOKNSWSG-UHFFFAOYSA-N,1
JHAYEQICABJSTP-UHFFFAOYSA-N,5
YASYVMFAVPKPKE-UHFFFAOYSA-N,9
NTHXOOBQLCIOLC-UHFFFAOYSA-N,16
WYEHFWKAOXOVJD-UHFFFAOYSA-N,25
PGOOBECODWQEAB-UHFFFAOYSA-N,31
AKPLHCDWDRPJGD-UHFFFAOYSA-N,13
TVLSRXXIMLFWEO-UHFFFAOYSA-N,33
CLQMBPJKHLGMQK-UHFFFAOYSA-N,5
NTYJJOPFIAHURM-UHFFFAOYSA-N,7
IYIKLHRQXLHMJQ-UHFFFAOYSA-N,18
AFYCEAFSNDLKSX-UHFFFAOYSA-N,14
KLSJWNVTNUYHDU-UHFFFAOYSA-N,7
CXOXHMZGEKVPMT-UHFFFAOYSA-N,10
YRMLFORXOOIJDR-UHFFFAOYSA-N,2
HXHWSAZORRCQMX-UHFFFAOYSA-N,22
YFBPRJGDJKVWAH-UHFFFAOYSA-N,25
BEZZFPOZAYTVHN-UHFFFAOYSA-N,12
XBHBWNFJWIASRO-UHFFFAOYSA-N,12
PZBPKYOVPCNPJY-UHFFFAOYSA-N,17
XZWYZXLIPXDOLR-UHFFFAOYSA-N,30
ZBHXIWJRIFEVQY-IHMPYVIRSA-N,1
QFOHBWFCKVYLES-UHFFFAOYSA-N,13
VNFPBHJOKIVQEB-UHFFFAOYSA-N,11
BLFLLBZGZJTVJG-UHFFFAOYSA-N,13
TTWJBBZEZQICBI-UHFFFAOYSA-N,129
PJSFRIWCGOHTNF-UHFFFAOYSA-N,1
AGPKZVBTJJNPAG-UHFFFAOYSA-N,19
DWFZBUWUXWZWKD-UHFFFAOYSA-N,11
CVXBEEMKQHEXEN-UHFFFAOYSA-N,18
SECXISVLQFMRJM-UHFFFAOYSA-N,7
YFGYUFNIOHWBOB-UHFFFAOYSA-N,37
BQYJATMQXGBDHF-UHFFFAOYSA-N,27
DBEPLOCGEIEOCV-WSBQPABSSA-N,16
YNDXUCZADRHECN-JNQJZLCISA-N,12
JLYFCTQDENRSOL-UHFFFAOYSA-N,26
FVFVNNKYKYZTJU-UHFFFAOYSA-N,11
SEEPANYCNGTZFQ-UHFFFAOYSA-N,18
WXZVAROIGSFCFJ-UHFFFAOYSA-N,25
BCFGMOOMADDAQU-UHFFFAOYSA-N,6
AKUJBENLRBOFTD-RPRRAYFGSA-N,6
BFYIZQONLCFLEV-DAELLWKTSA-N,20
RQVYBGPQFYCBGX-UHFFFAOYSA-N,22
VACCAVUAMIDAGB-UHFFFAOYSA-N,1
HUWXDEQWWKGHRV-UHFFFAOYSA-N,5
ZZORFUFYDOWNEF-UHFFFAOYSA-N,24
SUBDBMMJDZJVOS-UHFFFAOYSA-N,6
FHIVAFMUCKRCQO-UHFFFAOYSA-N,23
NOQGZXFMHARMLW-UHFFFAOYSA-N,9
DJBNUMBKLMJRSA-UHFFFAOYSA-N,12
XSAYZAUNJMRRIR-UHFFFAOYSA-N,1
VPWNQTHUCYMVMZ-UHFFFAOYSA-N,19
ZUHZGEOKBKGPSW-UHFFFAOYSA-N,13
DBGIVFWFUFKIQN-UHFFFAOYSA-N,16
MMOXZBCLCQITDF-UHFFFAOYSA-N,29
DHNRXBZYEKSXIM-UHFFFAOYSA-N,25
SFBHPFQSSDCYSL-UHFFFAOYSA-N,5
HZRSNVGNWUDEFX-UHFFFAOYSA-N,27
PAFZNILMFXTMIY-UHFFFAOYSA-N,7
BXNANOICGRISHX-UHFFFAOYSA-N,11
SBZXBUIDTXKZTM-UHFFFAOYSA-N,15
JZFPYUNJRRFVQU-UHFFFAOYSA-N,12
LNEPOXFFQSENCJ-UHFFFAOYSA-N,20
FOXFZRUHNHCZPX-UHFFFAOYSA-N,26
VOWAEIGWURALJQ-UHFFFAOYSA-N,7
LDBTVAXGKYIFHO-UHFFFAOYSA-N,10
MQTOSJVFKKJCRP-BICOPXKESA-N,1
CXVGEDCSTKKODG-UHFFFAOYSA-N,16
ZPEIMTDSQAKGNT-UHFFFAOYSA-N,4
VYMDGNCVAMGZFE-UHFFFAOYSA-N,14
SPFYMRJSYKOXGV-UHFFFAOYSA-N,17
MFOUDYKPLGXPGO-UHFFFAOYSA-N,19
BYPFEZZEUUWMEJ-UHFFFAOYSA-N,7
WZZLDXDUQPOXNW-UHFFFAOYSA-N,30
CWJSHJJYOPWUGX-UHFFFAOYSA-N,6
FQPSGWSUVKBHSU-UHFFFAOYSA-N,1
DSKJPMWIHSOYEA-UHFFFAOYSA-N,13
DUUGKQCEGZLZNO-UHFFFAOYSA-N,14
NXFQWRWXEYTOTK-UHFFFAOYSA-N,26
SEGLCEQVOFDUPX-UHFFFAOYSA-N,3
VREFGVBLTWBCJP-UHFFFAOYSA-N,1
UREBDLICKHMUKA-CXSFZGCWSA-N,24
OGJPXUAPXNRGGI-UHFFFAOYSA-N,19
HWGBHCRJGXAGEU-UHFFFAOYSA-N,2
AHOUBRCZNHFOSL-YOEHRIQHSA-N,2
FDDDEECHVMSUSB-UHFFFAOYSA-N,15
DKCPKDPYUFEZCP-UHFFFAOYSA-N,2
DNXHEGUUPJUMQT-CBZIJGRNSA-N,1
WZKXBGJNNCGHIC-UHFFFAOYSA-N,7
MIZGSAALSYARKU-UHFFFAOYSA-N,2
XRECTZIEBJDKEO-UHFFFAOYSA-N,9
JTSDBFGMPLKDCD-XVFHVFLVSA-N,1
ANTSCNMPPGJYLG-UHFFFAOYSA-N,1
MRQIXHXHHPWVIL-ISLYRVAYSA-N,1
QPPBRPIAZZHUNT-UHFFFAOYSA-N,1
FNYLWPVRPXGIIP-UHFFFAOYSA-N,18
ZAIPMKNFIOOWCQ-UEKVPHQBSA-N,1
KJONHKAYOJNZEC-UHFFFAOYSA-N,10
BPFYOAJNDMUVBL-UHFFFAOYSA-N,10
XOXHILFPRYWFOD-UHFFFAOYSA-N,1
FZXISNSWEXTPMF-UHFFFAOYSA-N,31
CMPQUABWPXYYSH-UHFFFAOYSA-N,6
JYFHYPJRHGVZDY-UHFFFAOYSA-N,1
NHUHCSRWZMLRLA-UHFFFAOYSA-N,7
GPTONYMQFTZPKC-UHFFFAOYSA-N,1
STJMRWALKKWQGH-UHFFFAOYSA-N,10
VAOCPAMSLUNLGC-UHFFFAOYSA-N,26
ICSNLGPSRYBMBD-UHFFFAOYSA-N,2
GDLIGKIOYRNHDA-UHFFFAOYSA-N,16
FBUKVWPVBMHYJY-UHFFFAOYSA-N,3
WPYMKLBDIGXBTP-UHFFFAOYSA-N,3
SHGAZHPCJJPHSC-YCNIQYBTSA-N,4
DTOSIQBPPRVQHS-PDBXOOCHSA-N,3
ISWSIDIOOBJBQZ-UHFFFAOYSA-N,3
HXYVTAGFYLMHSO-UHFFFAOYSA-N,2
OVBPIULPVIDEAO-LBPRGKRZSA-N,13
NCYCYZXNIZJOKI-OVSJKPMPSA-N,3
RWZYAGGXGHYGMB-UHFFFAOYSA-N,11
QRMZSPFSDQBLIX-UHFFFAOYSA-N,3
MQIUGAXCHLFZKX-UHFFFAOYSA-N,3
YCIMNLLNPGFGHC-UHFFFAOYSA-N,3
GWYFCOCPABKNJV-UHFFFAOYSA-N,3
OYHQOLUKZRVURQ-HZJYTTRNSA-N,9
IYRMWMYZSQPJKC-UHFFFAOYSA-N,54
WQEPLUUGTLDZJY-UHFFFAOYSA-N,3
BOWVQLFMWHZBEF-KTKRTIGZSA-N,3
NIQCNGHVCWTJSM-UHFFFAOYSA-N,12
QIAFMBKCNZACKA-UHFFFAOYSA-N,3
MQHNKCZKNAJROC-UHFFFAOYSA-N,7
REFJWTPEDVJJIY-UHFFFAOYSA-N,36
OIRDTQYFTABQOQ-KQYNXXCUSA-N,35
USVMJSALORZVDV-SDBHATRESA-N,9
WMBWREPUVVBILR-WIYYLYMNSA-N,19
WBYWAXJHAXSJNI-VOTSOKGWSA-N,13
LEHOTFFKMJEONL-UHFFFAOYSA-N,3
FJKROLUGYXJWQN-UHFFFAOYSA-N,5
LEVWYRKDKASIDU-IMJSIDKUSA-N,3
ODKSFYDXXFIFQN-BYPYZUCNSA-N,6
DHMQDGOQFOQNFH-UHFFFAOYSA-N,6
YBJHBAHKTGYVGT-ZKWXMUAHSA-N,16
KZNIFHPLKGYRTM-UHFFFAOYSA-N,25
AUNGANRZJHBGPY-SCRDCRAPSA-N,4
QWDBCIAVABMJPP-UHFFFAOYSA-N,3
YAPQBXQYLJRXSA-UHFFFAOYSA-N,19
TYFQFVWCELRYAO-UHFFFAOYSA-N,8
UGQMRVRMYYASKQ-KQYNXXCUSA-N,9
DFPAKSUCGFBDDF-UHFFFAOYSA-N,19
OUYCCCASQSFEME-QMMMGPOBSA-N,12
FLKPEMZONWLCSK-UHFFFAOYSA-N,13
NBIIXXVUZAFLBC-UHFFFAOYSA-N,3
TUNFSRHWOTWDNC-UHFFFAOYSA-N,1
QIVBCDIJIAJPQS-VIFPVBQESA-N,24
YGSDEFSMJLZEOE-UHFFFAOYSA-N,12
DOIRQSBPFJWKBE-UHFFFAOYSA-N,23
QASFUMOKHFSJGL-LAFRSMQTSA-N,7
KRZCOLNOCZKSDF-UHFFFAOYSA-N,7
YCSBALJAGZKWFF-UHFFFAOYSA-N,1
OISVCGZHLKNMSJ-UHFFFAOYSA-N,1
ZKXDGKXYMTYWTB-UHFFFAOYSA-N,11
XSCHRSMBECNVNS-UHFFFAOYSA-N,1
QSNSCYSYFYORTR-UHFFFAOYSA-N,6
VHBFFQKBGNRLFZ-UHFFFAOYSA-N,14
RLFWWDJHLFCNIJ-UHFFFAOYSA-N,39
BPEXTIMJLDWDTL-UHFFFAOYSA-N,1
AFDXODALSZRGIH-QPJJXVBHSA-N,2
PLIKAWJENQZMHA-UHFFFAOYSA-N,1
CJOFXWAVKWHTFT-XSFVSMFZSA-N,1
XIKIUQUXDNHBFR-UHFFFAOYSA-N,9
YNAVUWVOSKDBBP-UHFFFAOYSA-N,1
KXDAEFPNCMNJSK-UHFFFAOYSA-N,6
UFFBMTHBGFGIHF-UHFFFAOYSA-N,15
KBOPZPXVLCULAV-UHFFFAOYSA-N,1
MARUHZGHZWCEQU-UHFFFAOYSA-N,1
WGQKYBSKWIADBV-UHFFFAOYSA-N,1
SBPBAQFWLVIOKP-UHFFFAOYSA-N,15
YXIWHUQXZSMYRE-UHFFFAOYSA-N,11
DMBHHRLKUKUOEG-UHFFFAOYSA-N,18
UNAHYJYOSSSJHH-UHFFFAOYSA-N,7
XPOQHMRABVBWPR-ZDUSSCGKSA-N,7
JUJWROOIHBZHMG-UHFFFAOYSA-N,6
NQRYJNQNLNOLGT-UHFFFAOYSA-N,7
YHMYGUUIMTVXNW-UHFFFAOYSA-N,7
RUFPHBVGCFYCNW-UHFFFAOYSA-N,1
BWHOZHOGCMHOBV-UHFFFAOYSA-N,1
JKVNPRNAHRHQDD-UHFFFAOYSA-N,1
ROFVEXUMMXZLPA-UHFFFAOYSA-N,1
KLGQWSOYKYFBTR-UHFFFAOYSA-N,1
RGOVYLWUIBMPGK-UHFFFAOYSA-N,7
PAYRUJLWNCNPSJ-UHFFFAOYSA-N,13
TWBPWBPGNQWFSJ-UHFFFAOYSA-N,1
DVKJHBMWWAPEIU-UHFFFAOYSA-N,1
QXJKBPAVAHBARF-UHFFFAOYSA-N,7
KAESVJOAVNADME-UHFFFAOYSA-N,1
WIIZWVCIJKGZOK-RKDXNWHRSA-N,9
HYZJCKYKOHLVJF-UHFFFAOYSA-N,6
IRIAEXORFWYRCZ-UHFFFAOYSA-N,16
MXHTZQSKTCCMFG-UHFFFAOYSA-N,7
QUDWYFHPNIMBFC-UHFFFAOYSA-N,1
CDAWCLOXVUBKRW-UHFFFAOYSA-N,6
HUBANNPOLNYSAD-UHFFFAOYSA-N,1
HQABUPZFAYXKJW-UHFFFAOYSA-N,1
ZXDDPOHVAMWLBH-UHFFFAOYSA-N,4
LXBGSDVWAMZHDD-UHFFFAOYSA-N,1
RJGDLRCDCYRQOQ-UHFFFAOYSA-N,1
RSWGJHLUYNHPMX-ONCXSQPRSA-N,1
CJPQIRJHIZUAQP-UHFFFAOYSA-N,13
PDQAZBWRQCGBEV-UHFFFAOYSA-N,10
DXYYSGDWQCSKKO-UHFFFAOYSA-N,1
KZTYYGOKRVBIMI-UHFFFAOYSA-N,1
KEQFTVQCIQJIQW-UHFFFAOYSA-N,1
RAXXELZNTBOGNW-UHFFFAOYSA-N,6
AFBPFSWMIHJQDM-UHFFFAOYSA-N,6
ZYGHJZDHTFUPRJ-UHFFFAOYSA-N,32
BMLIZLVNXIYGCK-UHFFFAOYSA-N,20
OQMBBFQZGJFLBU-UHFFFAOYSA-N,6
MTZBBNMLMNBNJL-UHFFFAOYSA-N,9
DNTGGZPQPQTDQF-UHFFFAOYSA-N,15
XHZPRMZZQOIPDS-UHFFFAOYSA-N,9
JIIOLEGNERQDIP-UHFFFAOYSA-N,14
IWUCXVSUMQZMFG-AFCXAGJDSA-N,5
RVKCCVTVZORVGD-QXMHVHEDSA-N,14
VJYFKVYYMZPMAB-UHFFFAOYSA-N,9
KVBGVZZKJNLNJU-UHFFFAOYSA-N,14
YOYAIZYFCNQIRF-UHFFFAOYSA-N,11
MPDGHEJMBKOTSU-YKLVYJNSSA-N,15
DQCKKXVULJGBQN-XFWGSAIBSA-N,14
AHBXXEZLRFCZSF-UHFFFAOYSA-N,14
MEBQXILRKZHVCX-UHFFFAOYSA-N,6
NJKDOADNQSYQEV-UHFFFAOYSA-N,14
FUSNMLFNXJSCDI-UHFFFAOYSA-N,12
YVPYQUNUQOZFHG-UHFFFAOYSA-N,14
ZLIBICFPKPWGIZ-UHFFFAOYSA-N,20
LCCNCVORNKJIRZ-UHFFFAOYSA-N,6
CABMTIJINOIHOD-UHFFFAOYSA-N,19
YLKFDHTUAUWZPQ-UHFFFAOYSA-N,6
ZRKZFNZPJKEWPC-UHFFFAOYSA-N,20
LKJPSUCKSLORMF-UHFFFAOYSA-N,8
LKJPYSCBVHEWIU-KRWDZBQOSA-N,14
REEQLXCGVXDJSQ-UHFFFAOYSA-N,14
HRBKVYFZANMGRE-UHFFFAOYSA-N,14
MWKVXOJATACCCH-UHFFFAOYSA-N,12
SNICXCGAKADSCV-JTQLQIEISA-N,32
QCAWEPFNJXQPAN-UHFFFAOYSA-N,26
YIJZJEYQBAAWRJ-UHFFFAOYSA-N,11
MXJWRABVEGLYDG-UHFFFAOYSA-N,6
JZUFKLXOESDKRF-UHFFFAOYSA-N,14
PCCSBWNGDMYFCW-UHFFFAOYSA-N,6
PJDFLNIOAUIZSL-UHFFFAOYSA-N,9
DDBREPKUVSBGFI-UHFFFAOYSA-N,9
OYIKARCXOQLFHF-UHFFFAOYSA-N,16
QHMTXANCGGJZRX-WUXMJOGZSA-N,20
JOXIMZWYDAKGHI-UHFFFAOYSA-N,9
NUPJIGQFXCQJBK-UHFFFAOYSA-N,20
ZOCSXAVNDGMNBV-UHFFFAOYSA-N,18
UBQNRHZMVUUOMG-UHFFFAOYSA-N,6
QEVHRUUCFGRFIF-MDEJGZGSSA-N,49
IUQAXCIUEPFPSF-UHFFFAOYSA-N,6
TYZROVQLWOKYKF-ZDUSSCGKSA-N,6
LPEPZBJOKDYZAD-UHFFFAOYSA-N,6
PUFQVTATUTYEAL-UHFFFAOYSA-N,108
GMZVRMREEHBGGF-UHFFFAOYSA-N,6
CVTIZMOISGMZRJ-UHFFFAOYSA-N,6
BSYNRYMUTXBXSQ-UHFFFAOYSA-N,9
QYPNKSZPJQQLRK-UHFFFAOYSA-N,17
CJDWRQLODFKPEL-UHFFFAOYSA-N,14
XERJKGMBORTKEO-VZUCSPMQSA-N,14
POGQSBRIGCQNEG-UHFFFAOYSA-N,6
LXMSZDCAJNLERA-ZHYRCANASA-N,2
LQDARGUHUSPFNL-UHFFFAOYSA-N,15
ZOTBXTZVPHCKPN-HTXNQAPBSA-N,14
BUXRLJCGHZZYNE-UHFFFAOYSA-N,9
MZZBPDKVEFVLFF-UHFFFAOYSA-N,20
HXNFUBHNUDHIGC-UHFFFAOYSA-N,10
AMRQXHFXNZFDCH-UHFFFAOYSA-N,20
JCCBZCMSYUSCFM-UHFFFAOYSA-N,6
HCAJEUSONLESMK-UHFFFAOYSA-N,9
QLZHNIAADXEJJP-UHFFFAOYSA-N,9
MEFQWPUMEMWTJP-UHFFFAOYSA-N,14
LSQZJLSUYDQPKJ-NJBDSQKTSA-N,6
MGOHCFMYLBAPRN-UHFFFAOYSA-N,14
OELFLUMRDSZNSF-BRWVUGGUSA-N,6
RTDCJKARQCRONF-UHFFFAOYSA-N,6
CIEXPHRYOLIQQD-UHFFFAOYSA-N,12
HEFNNWSXXWATRW-JTQLQIEISA-N,13
VHFVKMTVMIZMIK-UHFFFAOYSA-N,19
IDYZIJYBMGIQMJ-UHFFFAOYSA-N,6
AAEVYOVXGOFMJO-UHFFFAOYSA-N,24
BOFQWVMAQOTZIW-UHFFFAOYSA-N,5
MEFOUWRMVYJCQC-UHFFFAOYSA-N,14
NNYBQONXHNTVIJ-UHFFFAOYSA-N,17
VDLGAVXLJYLFDH-UHFFFAOYSA-N,6
CXOFVDLJLONNDW-UHFFFAOYSA-N,6
TXCGAZHTZHNUAI-UHFFFAOYSA-N,6
WSORODGWGUUOBO-UHFFFAOYSA-N,9
UMFJAHHVKNCGLG-UHFFFAOYSA-N,6
DGAIEPBNLOQYER-UHFFFAOYSA-N,13
RKUNBYITZUJHSG-SPUOUPEWSA-N,32
YGJHZCLPZAZIHH-UHFFFAOYSA-N,6
GOCUAJYOYBLQRH-UHFFFAOYSA-N,19
WBNQDOYYEUMPFS-UHFFFAOYSA-N,6
LMVPQMGRYSRMIW-KRWDZBQOSA-N,10
RSMUVYRMZCOLBH-UHFFFAOYSA-N,14
JBMKAUGHUNFTOL-UHFFFAOYSA-N,9
YLCXGBZIZBEVPZ-UHFFFAOYSA-N,6
GHASVSINZRGABV-UHFFFAOYSA-N,14
DEDOPGXGGQYYMW-UHFFFAOYSA-N,9
DECIPOUIJURFOJ-UHFFFAOYSA-N,15
UBUCNCOMADRQHX-UHFFFAOYSA-N,6
RZCJYMOBWVJQGV-UHFFFAOYSA-N,9
AQIXAKUUQRKLND-UHFFFAOYSA-N,15
PXWUKZGIHQRDHL-UHFFFAOYSA-N,20
RZILCCPWPBTYDO-UHFFFAOYSA-N,15
ZJMZZNVGNSWOOM-UHFFFAOYSA-N,14
KGANAERDZBAECK-UHFFFAOYSA-N,10
VKYKSIONXSXAKP-UHFFFAOYSA-N,14
JWUCHKBSVLQQCO-UHFFFAOYSA-N,15
PWZDJIUQHUGFRJ-UHFFFAOYSA-N,9
WJNRPILHGGKWCK-UHFFFAOYSA-N,20
UEQUQVLFIPOEMF-UHFFFAOYSA-N,9
JXTHEWSKYLZVJC-UHFFFAOYSA-N,6
NPOJQCVWMSKXDN-UHFFFAOYSA-N,9
UGVRJVHOJNYEHR-UHFFFAOYSA-N,9
RMOGWMIKYWRTKW-UHFFFAOYSA-N,9
XQSPYNMVSIKCOC-NTSWFWBYSA-N,6
MJIHNNLFOKEZEW-UHFFFAOYSA-N,9
VBLJFQYCTRKKKF-UHFFFAOYSA-N,14
OPGCOAPTHCZZIW-UHFFFAOYSA-N,6
YKBZOVFACRVRJN-UHFFFAOYSA-N,12
KCXVZYZYPLLWCC-UHFFFAOYSA-N,9
VWPOSFSPZNDTMJ-UCWKZMIHSA-N,6
YECBIJXISLIIDS-UHFFFAOYSA-N,16
WKBPZYKAUNRMKP-UHFFFAOYSA-N,15
BXZVVICBKDXVGW-NKWVEPMBSA-N,6
AKNNEGZIBPJZJG-MSOLQXFVSA-N,31
BCQMBFHBDZVHKU-UHFFFAOYSA-N,14
RLLPVAHGXHCWKJ-UHFFFAOYSA-N,6
XAIPTRIXGHTTNT-UHFFFAOYSA-N,6
UWSDONTXWQOZFN-UHFFFAOYSA-N,6
YCMLQMDWSXFTIF-UHFFFAOYSA-N,9
HPJKCIUCZWXJDR-UHFFFAOYSA-N,9
JOHZPMXAZQZXHR-UHFFFAOYSA-N,6
IOYNQIMAUDJVEI-BMVIKAAMSA-N,6
IISBACLAFKSPIT-UHFFFAOYSA-N,7
WXNZTHHGJRFXKQ-UHFFFAOYSA-N,6
VYFYYTLLBUKUHU-UHFFFAOYSA-N,21
ONUFESLQCSAYKA-UHFFFAOYSA-N,6
JNTOCHDNEULJHD-UHFFFAOYSA-N,12
RJKCKKDSSSRYCB-UHFFFAOYSA-N,20
IWEDIXLBFLAXBO-UHFFFAOYSA-N,6
HBOMLICNUCNMMY-XLPZGREQSA-N,6
VAIZTNZGPYBOGF-UHFFFAOYSA-N,12
DWNAQMUDCDVSLT-UHFFFAOYSA-N,9
OFVLGDICTFRJMM-WESIUVDSSA-N,67
PTVWPYVOOKLBCG-UHFFFAOYSA-N,6
OMKZWUPRGQMQJC-UHFFFAOYSA-N,6
RJMUSRYZPJIFPJ-UHFFFAOYSA-N,6
NAVMQTYZDKMPEU-UHFFFAOYSA-N,6
GAUZCKBSTZFWCT-UHFFFAOYSA-N,6
KUAZQDVKQLNFPE-UHFFFAOYSA-N,9
DUFVKSUJRWYZQP-UHFFFAOYSA-N,11
MAXCWSIJKVASQC-UHFFFAOYSA-N,6
OFZCIYFFPZCNJE-UHFFFAOYSA-N,6
KVGLBTYUCJYMND-UHFFFAOYSA-N,6
DUEPRVBVGDRKAG-UHFFFAOYSA-N,9
FSCWZHGZWWDELK-UHFFFAOYSA-N,6
UCTWMZQNUQWSLP-VIFPVBQESA-N,16
QYIYFLOTGYLRGG-GPCCPHFNSA-N,6
FMGSKLZLMKYGDP-USOAJAOKSA-N,6
JIVPVXMEBJLZRO-UHFFFAOYSA-N,6
OORLZFUTLGXMEF-UHFFFAOYSA-N,9
GPXLRLUVLMHHIK-UHFFFAOYSA-N,19
CTSLUCNDVMMDHG-UHFFFAOYSA-N,14
NUFNQYOELLVIPL-UHFFFAOYSA-N,6
UWVQIROCRJWDKL-UHFFFAOYSA-N,12
WNYADZVDBIBLJJ-UHFFFAOYSA-N,6
LMNZTLDVJIUSHT-UHFFFAOYSA-N,6
IMWZZHHPURKASS-UHFFFAOYSA-N,6
BZKPWHYZMXOIDC-UHFFFAOYSA-N,12
XITQUSLLOSKDTB-UHFFFAOYSA-N,6
OGYFATSSENRIKG-UHFFFAOYSA-N,6
PHWBOXQYWZNQIN-UHFFFAOYSA-N,6
CIFWZNRJIBNXRE-UHFFFAOYSA-N,12
ITVGXXMINPYUHD-CUVHLRMHSA-N,21
NXTDJHZGHOFSQG-UHFFFAOYSA-N,3
LUKBXSAWLPMMSZ-OWOJBTEDSA-N,28
AJXPJJZHWIXJCJ-UHFFFAOYSA-N,6
UREBDLICKHMUKA-DVTGEIKXSA-N,8
ZSDSQXJSNMTJDA-UHFFFAOYSA-N,2
SMANXXCATUTDDT-QPJJXVBHSA-N,1
DMYHGDXADUDKCQ-UHFFFAOYSA-N,1
NTDQQZYCCIDJRK-UHFFFAOYSA-N,1
WXNRYSGJLQFHBR-UHFFFAOYSA-N,3
MEZZCSHVIGVWFI-UHFFFAOYSA-N,3
FXFYOPQLGGEACP-UHFFFAOYSA-N,5
CIEYTVIYYGTCCI-UHFFFAOYSA-N,5
LPMXVESGRSUGHW-HBYQJFLCSA-N,12
HCZHHEIFKROPDY-UHFFFAOYSA-N,10
PVNIIMVLHYAWGP-UHFFFAOYSA-N,18
LOUPRKONTZGTKE-NBGVHYBESA-N,5
XJHDMGJURBVLLE-BOCCBSBMSA-N,25
RRKTZKIUPZVBMF-IBTVXLQLSA-N,11
XCGYUJZMCCFSRP-UHFFFAOYSA-N,5
RTIXKCRFFJGDFG-UHFFFAOYSA-N,24
IKGXIBQEEMLURG-NVPNHPEKSA-N,34
RRAFCDWBNXTKKO-UHFFFAOYSA-N,5
ZZIKIHCNFWXKDY-GNTQXERDSA-N,5
WKSAUQYGYAYLPV-UHFFFAOYSA-N,11
QUQPHWDTPGMPEX-QJBIFVCTSA-N,22
PFTAWBLQPZVEMU-UKRRQHHQSA-N,30
BGEBZHIAGXMEMV-UHFFFAOYSA-N,75
YZRXRLLRSPQHDK-UHFFFAOYSA-N,2
LOUPRKONTZGTKE-VOMFEXJBSA-N,5
SIOXPEMLGUPBBT-UHFFFAOYSA-N,7
IKMDFBPHZNJCSN-UHFFFAOYSA-N,17
GJAWHXHKYYXBSV-UHFFFAOYSA-N,3
GZSOSUNBTXMUFQ-YFAPSIMESA-N,17
MFZWMTSUNYWVBU-UHFFFAOYSA-N,5
VMUXSMXIQBNMGZ-UHFFFAOYSA-N,3
CPJSUEIXXCENMM-UHFFFAOYSA-N,5
QXKHYNVANLEOEG-UHFFFAOYSA-N,17
WGPCZPLRVAWXPW-UHFFFAOYSA-N,3
JXDYKVIHCLTXOP-UHFFFAOYSA-N,10
YPHMISFOHDHNIV-FSZOTQKASA-N,12
QZPQTZZNNJUOLS-UHFFFAOYSA-N,5
IFYYFLINQYPWGJ-UHFFFAOYSA-N,2
LGRFSURHDFAFJT-UHFFFAOYSA-N,3
GHBSPIPJMLAMEP-UHFFFAOYSA-N,2
PTGXAUBQBSGPKF-UHFFFAOYSA-N,111
NWPRCRWQMGIBOT-UHFFFAOYSA-N,105
XSDQTOBWRPYKKA-UHFFFAOYSA-N,123
SMNOERSLNYGGOU-UHFFFAOYSA-N,97
HMHVCUVYZFYAJI-UHFFFAOYSA-N,60
WUADCCWRTIWANL-UHFFFAOYSA-N,35
QANMHLXAZMSUEX-UHFFFAOYSA-N,26
AUVVAXYIELKVAI-CKBKHPSWSA-N,23
ONIBWKKTOPOVIA-UHFFFAOYSA-N,23
JUVIOZPCNVVQFO-HBGVWJBISA-N,16
VGEREEWJJVICBM-UHFFFAOYSA-N,7
QIVBCDIJIAJPQS-UHFFFAOYSA-N,8
VMWNQDUVQKEIOC-CYBMUJFWSA-N,18
JQXXHWHPUNPDRT-WLSIYKJHSA-N,7
SLXKOJJOQWFEFD-UHFFFAOYSA-N,10
HKQYGTCOTHHOMP-UHFFFAOYSA-N,44
XUJNEKJLAYXESH-UHFFFAOYSA-N,4
KPJZHOPZRAFDTN-ZRGWGRIASA-N,6
LKCWBDHBTVXHDL-RMDFUYIESA-N,5
MTXSIJUGVMTTMU-JTQLQIEISA-N,5
AVKUERGKIZMTKX-NJBDSQKTSA-N,5
AYFVYJQAPQTCCC-GBXIJSLDSA-N,6
INVGWHRKADIJHF-UHFFFAOYSA-N,5
DGEZNRSVGBDHLK-UHFFFAOYSA-N,7
OTBHHUPVCYLGQO-UHFFFAOYSA-N,5
MAEIEVLCKWDQJH-UHFFFAOYSA-N,11
ZFMITUMMTDLWHR-UHFFFAOYSA-N,6
DRLFMBDRBRZALE-UHFFFAOYSA-N,9
MLKXDPUZXIRXEP-MFOYZWKCSA-N,6
OYIFNHCXNCRBQI-BYPYZUCNSA-N,6
WURBVZBTWMNKQT-UHFFFAOYSA-N,12
VFQXVTODMYMSMJ-UHFFFAOYSA-N,5
FFNVQNRYTPFDDP-UHFFFAOYSA-N,5
IQFYYKKMVGJFEH-XLPZGREQSA-N,6
XUYJLQHKOGNDPB-UHFFFAOYSA-N,5
XOAAWQZATWQOTB-UHFFFAOYSA-N,6
FCCDDURTIIUXBY-UHFFFAOYSA-N,6
IMYZQPCYWPFTAG-UHFFFAOYSA-N,6
VILCJCGEZXAXTO-UHFFFAOYSA-N,5
NYPYHUZRZVSYKL-ZETCQYMHSA-N,5
AWJUIBRHMBBTKR-UHFFFAOYSA-N,5
YLJREFDVOIBQDA-UHFFFAOYSA-N,11
BLHCMGRVFXRYRN-UHFFFAOYSA-N,7
QXHHHPZILQDDPS-UHFFFAOYSA-N,6
KWIUHFFTVRNATP-UHFFFAOYSA-N,9
IENZQIKPVFGBNW-UHFFFAOYSA-N,14
WZCQRUWWHSTZEM-UHFFFAOYSA-N,5
XSEUMFJMFFMCIU-UHFFFAOYSA-N,5
QNAYBMKLOCPYGJ-UWTATZPHSA-N,5
MHWLWQUZZRMNGJ-UHFFFAOYSA-N,6
SXTAYKAGBXMACB-DPVSGNNYSA-N,5
RFDAIACWWDREDC-FRVQLJSFSA-N,6
YPZRWBKMTBYPTK-BJDJZHNGSA-N,8
RWQNBRDOKXIBIV-UHFFFAOYSA-N,7
LBTABPSJONFLPO-UHFFFAOYSA-N,5
UHDGCWIWMRVCDJ-CCXZUQQUSA-N,6
LENZDBCJOHFCAS-UHFFFAOYSA-N,5
XNSAINXGIQZQOO-SRVKXCTJSA-N,6
IBOFVQJTBBUKMU-UHFFFAOYSA-N,6
PZRHRDRVRGEVNW-UHFFFAOYSA-N,12
KSCFJBIXMNOVSH-UHFFFAOYSA-N,6
NWBJYWHLCVSVIJ-UHFFFAOYSA-N,12
WXNXCEHXYPACJF-ZETCQYMHSA-N,5
WREGKURFCTUGRC-POYBYMJQSA-N,6
FZERHIULMFGESH-UHFFFAOYSA-N,5
UJOBWOGCFQCDNV-UHFFFAOYSA-N,5
ROSDSFDQCJNGOL-UHFFFAOYSA-N,5
VSNHCAURESNICA-UHFFFAOYSA-N,4
ODHCTXKNWHHXJC-VKHMYHEASA-N,12
FJLBFSROUSIWMA-UHFFFAOYSA-N,6
QRXWMOHMRWLFEY-UHFFFAOYSA-N,5
RFMMMVDNIPUKGG-YFKPBYRVSA-N,5
UQTZMGFTRHFAAM-ZETCQYMHSA-N,6
GSEJCLTVZPLZKY-UHFFFAOYSA-N,6
LPLVUJXQOOQHMX-QWBHMCJMSA-N,7
FOYHNROGBXVLLX-UHFFFAOYSA-N,5
LXNHXLLTXMVWPM-UHFFFAOYSA-N,6
JTEDVYBZBROSJT-UHFFFAOYSA-N,5
BZQFBWGGLXLEPQ-REOHCLBHSA-N,5
ZBCBWPMODOFKDW-UHFFFAOYSA-N,6
JRWZLRBJNMZMFE-UHFFFAOYSA-N,11
ADVPTQAUNPRNPO-REOHCLBHSA-N,5
JLTDJTHDQAWBAV-UHFFFAOYSA-N,5
SFLSHLFXELFNJZ-QMMMGPOBSA-N,5
MRWXACSTFXYYMV-FDDDBJFASA-N,6
PIJVFDBKTWXHHD-HIFRSBDPSA-N,27
HDFGOPSGAURCEO-UHFFFAOYSA-N,4
FDGQSTZJBFJUBT-UHFFFAOYSA-N,6
QZVCTJOXCFMACW-UHFFFAOYSA-N,6
JKOQGQFVAUAYPM-UHFFFAOYSA-N,5
ASNFTDCKZKHJSW-REOHCLBHSA-N,6
KPYSYYIEGFHWSV-UHFFFAOYSA-N,8
QYSPLQLAKJAUJT-UHFFFAOYSA-N,6
BKAWJIRCKVUVED-UHFFFAOYSA-N,7
IRSCQMHQWWYFCW-UHFFFAOYSA-N,6
BLJRIMJGRPQVNF-JTQLQIEISA-N,6
ALYNCZNDIQEVRV-UHFFFAOYSA-N,6
TWBYWOBDOCUKOW-UHFFFAOYSA-N,7
UBQKCCHYAOITMY-UHFFFAOYSA-N,6
ZDXPYRJPNDTMRX-GSVOUGTGSA-N,5
CZZZABOKJQXEBO-UHFFFAOYSA-N,5
GLUUGHFHXGJENI-UHFFFAOYSA-N,5
VVIUBCNYACGLLV-UHFFFAOYSA-N,6
RADKZDMFGJYCBB-UHFFFAOYSA-N,6
IPEHBUMCGVEMRF-UHFFFAOYSA-N,5
AUYYCJSJGJYCDS-LBPRGKRZSA-N,5
GDLBFKVLRPITMI-UHFFFAOYSA-N,6
BTCSSZJGUNDROE-UHFFFAOYSA-N,6
CMWTZPSULFXXJA-VIFPVBQESA-N,1
SAIKULLUBZKPDA-UHFFFAOYSA-N,3
ULHFFAFDSSHFDA-UHFFFAOYSA-N,4
WXWCDTXEKCVRRO-UHFFFAOYSA-N,10
WKBALTUBRZPIPZ-UHFFFAOYSA-N,3
RXCPQSJAVKGONC-UHFFFAOYSA-N,16
OKISUZLXOYGIFP-UHFFFAOYSA-N,4
FFCCBBNQPIMUJI-UHFFFAOYSA-N,4
GJJSUPSPZIZYPM-UHFFFAOYSA-N,4
WPPOGHDFAVQKLN-UHFFFAOYSA-N,10
JBCUKQQIWSWEOK-UHFFFAOYSA-N,9
IMPPGHMHELILKG-UHFFFAOYSA-N,4
PZIMIYVOZBTARW-UHFFFAOYSA-N,3
XTJFFFGAUHQWII-UHFFFAOYSA-N,4
YPLYFEUBZLLLIY-UHFFFAOYSA-N,4
CCRCUPLGCSFEDV-UHFFFAOYSA-N,5
OMNKZBIFPJNNIO-UHFFFAOYSA-N,9
BACYUWVYYTXETD-UHFFFAOYSA-N,9
LUBJCRLGQSPQNN-UHFFFAOYSA-N,6
UAIUNKRWKOVEES-UHFFFAOYSA-N,5
DIOYAVUHUXAUPX-KHPPLWFESA-N,6
GPNAVOJCQIEKQF-UHFFFAOYSA-N,6
BHAAPTBBJKJZER-UHFFFAOYSA-N,12
UWFYSQMTEOIJJG-FDTZYFLXSA-N,6
SZWKGOZKRMMLAJ-UHFFFAOYSA-N,6
WYWHKKSPHMUBEB-UHFFFAOYSA-N,6
AFIIBUOYKYSPKB-UHFFFAOYSA-N,6
OMSPUVWUIHNYCS-UHFFFAOYSA-N,6
SCABKEBYDRTODC-UHFFFAOYSA-N,6
ZZYSLNWGKKDOML-UHFFFAOYSA-N,6
MVQUJEUCFOGFJU-UHFFFAOYSA-N,6
ZQDWXGKKHFNSQK-UHFFFAOYSA-N,6
SYJGKVOENHZYMQ-UHFFFAOYSA-N,6
FQEBOQLYHASAOY-UHFFFAOYSA-N,6
FTLQSQQQFMZPKO-UHFFFAOYSA-N,6
MBIZFBDREVRUHY-UHFFFAOYSA-N,6
JHWNWJKBPDFINM-UHFFFAOYSA-N,6
VDTNNGKXZGSZIP-UHFFFAOYSA-N,6
SDMSCIWHRZJSRN-UHFFFAOYSA-N,6
OSUHJPCHFDQAIT-UHFFFAOYSA-N,6
YPACMOORZSDQDQ-UHFFFAOYSA-N,5
HGBGXSPIBLZGHS-SJCJKPOMSA-N,6
RQUXYBHREKXNKT-UHFFFAOYSA-N,5
BEOZJBLIRPRMJM-UHFFFAOYSA-N,6
HXTGXYRHXAGCFP-OAQYLSRUSA-N,6
XRHGWAGWAHHFLF-UHFFFAOYSA-N,6
JJJPNTQYUJPWGQ-UHFFFAOYSA-N,6
OEMJXSVJXPIFMA-UHFFFAOYSA-N,6
CNKHSLKYRMDDNQ-UHFFFAOYSA-N,6
ZWJNEYVWPYIKMB-UHFFFAOYSA-N,6
WUZNHSBFPPFULJ-UHFFFAOYSA-N,6
PRUGWHGQBHEDAX-QXONSOMPSA-N,6
KNDQHSIWLOJIGP-UHFFFAOYSA-N,6
XGXOSJSGDNPEEF-NRFANRHFSA-N,6
AMEKQAFGQBKLKX-UHFFFAOYSA-N,8
XVOKUMIPKHGGTN-UHFFFAOYSA-N,6
KRNUKKZDGDAWBF-UHFFFAOYSA-N,6
WYWZRNAHINYAEF-UHFFFAOYSA-N,6
SNHRLVCMMWUAJD-SUYDQAKGSA-N,6
LIAWQASKBFCRNR-UHFFFAOYSA-N,6
WTOYNNBCKUYIKC-JMSVASOKSA-N,6
IBXPYPUJPLLOIN-UHFFFAOYSA-N,6
BPXVHIRIPLPOPT-UHFFFAOYSA-N,5
ZLCUIOWQYBYEBG-UHFFFAOYSA-N,6
ISRUGXGCCGIOQO-UHFFFAOYSA-N,6
RQDJADAKIFFEKQ-UHFFFAOYSA-N,6
VYBKAZXQKUFAHG-UHFFFAOYSA-N,6
ONWXNHPOAGOMTG-UHFFFAOYSA-N,6
MTMKZABGIQJAEX-UHFFFAOYSA-N,6
GGLIEWRLXDLBBF-UHFFFAOYSA-N,6
DTAPQAJKAFRNJB-UHFFFAOYSA-N,6
FBOUIAKEJMZPQG-AWNIVKPZSA-N,6
HSHNITRMYYLLCV-UHFFFAOYSA-N,18
UHBUSMAHWHZQKS-UHFFFAOYSA-N,6
GCAOVMKRBUCSET-UHFFFAOYSA-N,6
NKFNBVMJTSYZDV-UHFFFAOYSA-N,6
GOJCZVPJCKEBQV-UHFFFAOYSA-N,6
RXLOZRCLQMJJLC-UHFFFAOYSA-N,6
GNOIPBMMFNIUFM-UHFFFAOYSA-N,6
XBZBRCVCSVLJJZ-UHFFFAOYSA-N,6
KCIDXSZMKJKCSV-UHFFFAOYSA-N,6
OBZIQQJJIKNWNO-UHFFFAOYSA-N,5
GVDRRZOORHCTAN-MJUUVYJYSA-N,6
HKPHPIREJKHECO-UHFFFAOYSA-N,6
NJPQAIBZIHNJDO-UHFFFAOYSA-N,6
PKOFBDHYTMYVGJ-UHFFFAOYSA-N,6
FWQYJOPJMIEKHZ-UHFFFAOYSA-N,6
OXEUETBFKVCRNP-UHFFFAOYSA-N,6
OUGIDAPQYNCXRA-UHFFFAOYSA-N,6
GNBHRKFJIUUOQI-UHFFFAOYSA-N,6
JWAZRIHNYRIHIV-UHFFFAOYSA-N,6
RAVIZVQZGXBOQO-UHFFFAOYSA-N,6
JNELGWHKGNBSMD-UHFFFAOYSA-N,6
GZVHEAJQGPRDLQ-UHFFFAOYSA-N,6
IPKKHRVROFYTEK-UHFFFAOYSA-N,6
CMEWLCATCRTSGF-UHFFFAOYSA-N,6
ZDKIAVFEUPUCMR-UHFFFAOYSA-N,6
AQSQFWLMFCKKMG-UHFFFAOYSA-N,6
VKHAHZOOUSRJNA-GCNJZUOMSA-N,6
VHHGUBHZBLPTKL-UHFFFAOYSA-N,6
NEBPTMCRLHKPOB-UHFFFAOYSA-N,6
JUVSRZCUMWZBFK-UHFFFAOYSA-N,6
XDOTVMNBCQVZKG-MKICQXMISA-N,4
BJELTSYBAHKXRW-UHFFFAOYSA-N,6
YVUQSNJEYSNKRX-UHFFFAOYSA-N,6
HEZNVIYQEUHLNI-UHFFFAOYSA-N,6
FXKFFTMLFPWYFH-RDGPPVDQSA-N,6
XDNBJTQLKCIJBV-UHFFFAOYSA-N,6
AHSGHEXYEABOKT-UHFFFAOYSA-N,2
TWPMMLHBHPYSMT-UHFFFAOYSA-N,6
HSUIVCLOAAJSRE-UHFFFAOYSA-N,3
YFNCATAIYKQPOO-UHFFFAOYSA-N,6
QZXATCCPQKOEIH-UHFFFAOYSA-N,14
YLDDCEXDGNXCIO-UHFFFAOYSA-N,6
STMIIPIFODONDC-UHFFFAOYSA-N,6
PNRAZZZISDRWMV-UHFFFAOYSA-N,6
XPAZGLFMMUODDK-UHFFFAOYSA-N,6
APTZNLHMIGJTEW-UHFFFAOYSA-N,6
XOGPDSATLSAZEK-UHFFFAOYSA-N,6
CNIGFESSDPOCKS-CYBMUJFWSA-N,6
YVIXXPCJZAUQHJ-UHFFFAOYSA-N,6
RRVIAQKBTUQODI-UHFFFAOYSA-N,6
MMCJEAKINANSOL-UHFFFAOYSA-N,6
YGUFQYGSBVXPMC-UHFFFAOYSA-N,6
GMBRUAIJEFRHFQ-UHFFFAOYSA-N,6
FQNKTJPBXAZUGC-UHFFFAOYSA-N,6
NBNTWDUNCHRWMT-UHFFFAOYSA-N,6
JNRLEMMIVRBKJE-UHFFFAOYSA-N,6
HFCYZXMHUIHAQI-UHFFFAOYSA-N,10
KQSABULTKYLFEV-UHFFFAOYSA-N,6
MROJXXOCABQVEF-UHFFFAOYSA-N,6
FFHQNQNMELQOEF-UHFFFAOYSA-N,6
JLFNLZLINWHATN-UHFFFAOYSA-N,6
ZBBHBTPTTSWHBA-UHFFFAOYSA-N,6
ZTENZJJCFACIAK-ADWVOTLJSA-N,6
CNWSQCLBDWYLAN-UHFFFAOYSA-N,6
NXJCRELRQHZBQA-UHFFFAOYSA-N,6
WCCIEZDFRJREQJ-UHFFFAOYSA-N,6
KFFQABQEJATQAT-UHFFFAOYSA-N,6
QWGDMFLQWFTERH-UHFFFAOYSA-N,6
PJEIIBXJUDOMAN-UHFFFAOYSA-N,6
CJCSPKMFHVPWAR-JTQLQIEISA-N,6
HBBVCKCCQCQCTJ-UHFFFAOYSA-N,6
PTOAARAWEBMLNO-KVQBGUIXSA-N,6
ZOXBWJMCXHTKNU-UHFFFAOYSA-N,5
LJOZMWRYMKECFF-UHFFFAOYSA-N,6
NJGBTKGETPDVIK-UHFFFAOYSA-N,6
FTSXVYQZLNPTCM-UHFFFAOYSA-N,3
FMKMKBLHMONXJM-UHFFFAOYSA-N,6
LAKWINYVWJPHQW-UHFFFAOYSA-N,6
QAHFOPIILNICLA-UHFFFAOYSA-N,6
SZRPDCCEHVWOJX-UHFFFAOYSA-N,6
DNRJTBAOUJJKDY-UHFFFAOYSA-N,6
ZIWFCOIGUNPHPM-HKUYNNGSSA-N,6
SPNQRCTZKIBOAX-UHFFFAOYSA-N,6
CFOYWRHIYXMDOT-UHFFFAOYSA-N,6
KNHGNICBXADRMC-UHFFFAOYSA-N,6
JRBPAEWTRLWTQC-UHFFFAOYSA-N,6
RXPRRQLKFXBCSJ-GIVPXCGWSA-N,26
GYSSRZJIHXQEHQ-UHFFFAOYSA-N,6
MLKCGVHIFJBRCD-UHFFFAOYSA-N,6
LUVXHMJTVXZFPD-ZDUSSCGKSA-N,6
PXWNBAGCFUDYBE-UHFFFAOYSA-N,6
TZBPRYIIJAJUOY-UHFFFAOYSA-N,6
VZRKEAFHFMSHCD-UHFFFAOYSA-N,6
IQVNEKKDSLOHHK-FNCQTZNRSA-N,6
ZCJPOPBZHLUFHF-UHFFFAOYSA-N,6
TWMFGCHRALXDAR-UHFFFAOYSA-N,6
QULLOTSYPAOTIW-OAHLLOKOSA-N,6
UACOXBQBNWQWOK-UHFFFAOYSA-N,6
JBDHZKLJNAIJNC-LLVKDONJSA-N,6
FUSYFEXGXRDJNB-KWQFWETISA-N,6
MAUFTTLGOUBZNA-UHFFFAOYSA-N,6
CGSLYBDCEGBZCG-UHFFFAOYSA-N,6
GRPURDFRFHUDSP-UHFFFAOYSA-N,3
BQGRVFPPZJPWPB-UHFFFAOYSA-N,6
PCZLQMGFNUNVOM-UHFFFAOYSA-N,6
CXXVJZRGOOIVOD-SANMLTNESA-N,6
ZUBPKHVCBGWWGO-NDEPHWFRSA-N,6
VGZSUPCWNCWDAN-UHFFFAOYSA-N,5
SJDACOMXKWHBOW-UHFFFAOYSA-N,6
VUNOFAIHSALQQH-UHFFFAOYSA-N,6
CLSVJBIHYWPGQY-GGYDESQDSA-N,6
STUSTWKEFDQFFZ-UHFFFAOYSA-N,6
QNXAVFXEJCPCJO-UHFFFAOYSA-N,10
LWRBVKNFOYUCNP-UHFFFAOYSA-N,6
LMEKQMALGUDUQG-UHFFFAOYSA-N,6
JCICIFOYVSPMHG-UHFFFAOYSA-N,5
MWYHLEQJTQJHSS-UHFFFAOYSA-N,6
AQYMRQUYPFCXDM-UHFFFAOYSA-N,5
DOMWKUIIPQCAJU-LJHIYBGHSA-N,6
PTCGDEVVHUXTMP-UHFFFAOYSA-N,6
WMYINDVYGQKYMI-UHFFFAOYSA-N,6
VEENJGZXVHKXNB-VOTSOKGWSA-N,6
WONHLSYSHMRRGO-UHFFFAOYSA-N,3
XKNKHVGWJDPIRJ-UHFFFAOYSA-N,6
QHTQREMOGMZHJV-UHFFFAOYSA-N,3
PZIRJMYRYORVIT-UHFFFAOYSA-N,6
DIZKGJLRHOCMTP-UHFFFAOYSA-N,6
AKNQMEBLVAMSNZ-UHFFFAOYSA-N,6
DNUAYCRATWAJQE-UHFFFAOYSA-N,6
NWIVYGKSHSJHEF-UHFFFAOYSA-N,6
PFRYFZZSECNQOL-UHFFFAOYSA-N,6
BOFHKBLZOYVHSI-UHFFFAOYSA-N,6
MESJRHHDBDCQTH-UHFFFAOYSA-N,6
HWVNEWGKWRGSRK-UHFFFAOYSA-N,6
IXSZQYVWNJNRAL-UHFFFAOYSA-N,6
KDGDTPNBDMVKHC-XIAWMOHYSA-N,6
WJZSZXCWMATYFX-UHFFFAOYSA-N,6
SLDQOBRACOQXGE-UHFFFAOYSA-N,6
BEGLCMHJXHIJLR-UHFFFAOYSA-N,6
OVEMTTZEBOCJDV-UHFFFAOYSA-N,6
PDMMFKSKQVNJMI-BLQWBTBKSA-N,6
PZYDAVFRVJXFHS-UHFFFAOYSA-N,6
DJDSLBVSSOQSLW-UHFFFAOYSA-N,5
QXWJDGMLSMFETH-FNORWQNLSA-N,6
YJFCKXVXEKHSEC-UHFFFAOYSA-N,5
AEOCXXJPGCBFJA-UHFFFAOYSA-N,6
POZRVZJJTULAOH-LHZXLZLDSA-N,6
GYHPTPQZVBYHLC-UHFFFAOYSA-N,6
KCXZNSGUUQJJTR-UHFFFAOYSA-N,6
ALKYHXVLJMQRLQ-UHFFFAOYSA-N,4
SAPGTCDSBGMXCD-UHFFFAOYSA-N,6
NWUWYYSKZYIQAE-WMCAAGNKSA-N,6
OCSHTBUKRNOLMC-UHFFFAOYSA-N,6
QMGVPVSNSZLJIA-FVWCLLPLSA-N,38
IYAZLDLPUNDVAG-UHFFFAOYSA-N,6
AMFGTOFWMRQMEM-UHFFFAOYSA-N,6
MGWAVDBGNNKXQV-UHFFFAOYSA-N,6
VEMKTZHHVJILDY-UHFFFAOYSA-N,6
SWAJJKROCOJICG-UHFFFAOYSA-N,6
VTWQUFUBSCXPOW-UHFFFAOYSA-N,3
LLEMOWNGBBNAJR-UHFFFAOYSA-N,6
KLGMSAOQDHLCOS-UHFFFAOYSA-N,6
ZTWZVMIYIIVABD-OEMFJLHTSA-N,6
ZBRHTUMWSDPCMI-UHFFFAOYSA-N,6
XEANIURBPHCHMG-SWLSCSKDSA-N,4
UDKABVSQKJNZBH-DWNQPYOZSA-N,6
JLRGJRBPOGGCBT-UHFFFAOYSA-N,6
NHOWDZOIZKMVAI-UHFFFAOYSA-N,6
YKVIWISPFDZYOW-UHFFFAOYSA-N,5
RDBIYWSVMRVKSG-UHFFFAOYSA-N,6
HMXDWDSNPRNUKI-UHFFFAOYSA-N,6
CTJBHIROCMPUKL-WEVVVXLNSA-N,6
HUTDUHSNJYTCAR-UHFFFAOYSA-N,5
KZHGPDSVHSDCMX-UHFFFAOYSA-N,6
UVLBAPBHAHFJSY-UHFFFAOYSA-N,6
KYFWUBJMTHVBIF-QFIPXVFZSA-N,6
BDNFQGRSKSQXRI-XMMPIXPASA-N,6
YWBVHLJPRPCRSD-UHFFFAOYSA-N,6
IGLVCWPPISIXPR-UHFFFAOYSA-N,4
GZGZVOLBULPDFD-UHFFFAOYSA-N,6
DJRKHTCUXRGYEU-UHFFFAOYSA-N,6
LGBYJXBCVZKJBL-UHFFFAOYSA-N,6
FFSSWMQPCJRCRV-UHFFFAOYSA-N,6
YRRKLBAKDXSTNC-WEVVVXLNSA-N,6
RRNIZKPFKNDSRS-UHFFFAOYSA-N,6
NWWZPOKUUAIXIW-UHFFFAOYSA-N,6
AEKQMJRJRAHOAP-CYBMUJFWSA-N,6
JBIJLHTVPXGSAM-UHFFFAOYSA-N,6
NHKWRRHZTGQJMT-UHFFFAOYSA-N,6
AXTGDCSMTYGJND-UHFFFAOYSA-N,6
DRZXDZYWZSKFDL-UHFFFAOYSA-N,6
BGRWYRAHAFMIBJ-UHFFFAOYSA-N,6
RCLXAPJEFHPYEG-ZWKOTPCHSA-N,6
XUFQPHANEAPEMJ-UHFFFAOYSA-N,6
OUDSBRTVNLOZBN-UHFFFAOYSA-N,6
BWHOZHOGCMHOBV-BQYQJAHWSA-N,61
IOUNQDKNJZEDEP-UHFFFAOYSA-N,6
QUAMTGJKVDWJEQ-UHFFFAOYSA-N,6
NHZLNPMOSADWGC-UHFFFAOYSA-N,6
CPHJEACXPATRSU-UHFFFAOYSA-N,6
IPEHSCPRVOWQFQ-UHFFFAOYSA-N,6
POFWRMVFWIJXHP-UHFFFAOYSA-N,6
AWXQYTLSBPWDMJ-UHFFFAOYSA-N,6
JJAPPCJXQFKMJL-UHFFFAOYSA-N,6
KVJXBPDAXMEYOA-CXANFOAXSA-N,6
FCBQJNCAKZSIAH-UHFFFAOYSA-N,6
WECDUOXQLAIPQW-UHFFFAOYSA-N,10
KAJICSGLHKRDLN-UHFFFAOYSA-N,6
YTRMTPPVNRALON-UHFFFAOYSA-N,6
GWLFIMOOGVXSMZ-UHFFFAOYSA-N,6
VEMKTZHHVJILDY-UXHICEINSA-N,6
BBXXLROWFHWFQY-UHFFFAOYSA-N,6
AWYOMXWDGWUJHS-UHFFFAOYSA-N,6
MCJGNVYPOGVAJF-UHFFFAOYSA-N,4
HBPDKDSFLXWOAE-UHFFFAOYSA-N,6
ZZCHHVUQYRMYLW-HKBQPEDESA-N,6
ULSLJYXHZDTLQK-UHFFFAOYSA-N,6
IAJNXBNRYMEYAZ-UHFFFAOYSA-N,6
PRLVTUNWOQKEAI-UHFFFAOYSA-N,6
OIJHFHYPXWSVPF-UHFFFAOYSA-N,6
WDRGQGLIUAMOOC-UHFFFAOYSA-N,4
CLKZWXHKFXZIMA-UHFFFAOYSA-N,6
FULZLIGZKMKICU-UHFFFAOYSA-N,6
RDCAZFAKCIEASQ-UHFFFAOYSA-N,6
QIWQQMZFTOCFGF-UHFFFAOYSA-N,6
ILBONRFSLATCRE-UHFFFAOYSA-N,6
NXQMCAOPTPLPRL-UHFFFAOYSA-N,5
DGFVZQGXKQCQGK-UHFFFAOYSA-N,6
IITCWRFYJWUUPC-UHFFFAOYSA-N,6
PZBLUWVMZMXIKZ-UHFFFAOYSA-N,5
BLFZMXOCPASACY-UHFFFAOYSA-N,3
AQIIVEISJBBUCR-UHFFFAOYSA-N,6
VHEWQRWLIDWRMR-UHFFFAOYSA-N,2
JTEGQNOMFQHVDC-RQJHMYQMSA-N,6
FBMQNRKSAWNXBT-UHFFFAOYSA-N,5
POPFMWWJOGLOIF-XWCQMRHXSA-N,3
IRJQWZWMQCVOLA-DNTJNYDQSA-N,6
UBCKGWBNUIFUST-YHYXMXQVSA-N,6
OJPDDQSCZGTACX-UHFFFAOYSA-N,6
FTEQMUXMWCGJAF-GRYCIOLGSA-N,6
ZJJXGWJIGJFDTL-UHFFFAOYSA-N,6
DGFTWBUZRHAHTH-UHFFFAOYSA-N,6
QTYCMDBMOLSEAM-UHFFFAOYSA-N,6
NJDBZBVQIMZWPP-SFHVURJKSA-N,6
WDQFELCEOPFLCZ-UHFFFAOYSA-N,6
RECCURWJDVZHIH-UHFFFAOYSA-N,4
QJACRCAPQIYMIH-UHFFFAOYSA-N,6
YPEWWOUWRRQBAX-UHFFFAOYSA-N,6
XXPANQJNYNUNES-UHFFFAOYSA-N,6
BYYMILHAKOURNM-UHFFFAOYSA-N,5
KJCVRFUGPWSIIH-UHFFFAOYSA-N,6
LTPSRQRIPCVMKQ-UHFFFAOYSA-N,2
WKEDVNSFRWHDNR-UHFFFAOYSA-N,2
DJNZZLZKAXGMMC-UHFFFAOYSA-N,6
NVGOPFQZYCNLDU-UHFFFAOYSA-N,6
PVSGXWMWNRGTKE-UHFFFAOYSA-N,6
NJXZWIIMWNEOGJ-WEWKHQNJSA-N,6
YNVKAENVJKEMOU-UHFFFAOYSA-N,6
IKVXBIIHQGXQRQ-UHFFFAOYSA-N,6
IKYICRRUVNIHPP-UHFFFAOYSA-N,6
OWNAXTAAAQTBSP-UHFFFAOYSA-N,6
HTRVALPKPVGOSZ-UHFFFAOYSA-N,2
LMTIGABGABPAGU-UHFFFAOYSA-N,6
YREQHYQNNWYQCJ-UHFFFAOYSA-N,6
KAJJGOCSAXKXBD-UHFFFAOYSA-N,6
COYBRKAVBMYYSF-UHFFFAOYSA-N,10
QWCRAEMEVRGPNT-UHFFFAOYSA-N,11
GXPHKUHSUJUWKP-UHFFFAOYSA-N,2
NEKOXWSIMFDGMA-UHFFFAOYSA-N,5
NIBCDDKWFDEBEP-UHFFFAOYSA-N,6
JAEZSIYNWDWMMN-UHFFFAOYSA-N,6
VAIZTNZGPYBOGF-CYBMUJFWSA-N,6
SBNFWQZLDJGRLK-UHFFFAOYSA-N,2
JISACBWYRJHSMG-UHFFFAOYSA-N,2
QAYICIQNSGETAS-UHFFFAOYSA-N,2
NLYNUTMZTCLNOO-UHFFFAOYSA-N,2
OPTASPLRGRRNAP-UHFFFAOYSA-N,1
POJWUDADGALRAB-UHFFFAOYSA-N,1
QUNWUDVFRNGTCO-UHFFFAOYSA-N,2
GUBGYTABKSRVRQ-DCSYEGIMSA-N,1
COLNVLDHVKWLRT-UHFFFAOYSA-N,10
FBPFZTCFMRRESA-KVTDHHQDSA-N,1
FBPFZTCFMRRESA-JGWLITMVSA-N,1
KBPHJBAIARWVSC-RGZFRNHPSA-N,2
JKQXZKUSFCKOGQ-QAYBQHTQSA-N,5
OAIJSZIZWZSQBC-GYZMGTAESA-N,2
KUBCEEMXQZUPDQ-UHFFFAOYSA-N,33
AFHJQYHRLPMKHU-OSYMLPPYSA-N,54
GPLGAQQQNWMVMM-MYAJQUOBSA-N,67
ATEFPOUAMCWAQS-UHFFFAOYSA-N,69
QVCMHGGNRFRMAD-XFGHUUIASA-N,59
ZRJBHWIHUMBLCN-YQEJDHNASA-N,20
XFSBVAOIAHNAPC-XTHSEXKGSA-N,32
SLRCCWJSBJZJBV-ZQDZILKHSA-N,47
BLGXFZZNTVWLAY-SCYLSFHTSA-N,23
LTMHDMANZUZIPE-PUGKRICDSA-N,8
OLOOJGVNMBJLLR-UHFFFAOYSA-N,20
GFFGJBXGBJISGV-UHFFFAOYSA-N,22
XBPCUCUWBYBCDP-UHFFFAOYSA-N,20
QCHFTSOMWOSFHM-WPRPVWTQSA-N,26
RCINICONZNJXQF-MZXODVADSA-N,2
DWONJCNDULPHLV-HOTGVXAUSA-N,11
JZUTXVTYJDCMDU-MOPGFXCFSA-N,10
VLSMHEGGTFMBBZ-OOZYFLPDSA-N,12
DXDRHHKMWQZJHT-FPYGCLRLSA-N,12
ATLJNLYIJOCWJE-CWMZOUAVSA-N,10
VHXNKPBCCMUMSW-FQEVSTJZSA-N,12
ISAKRJDGNUQOIC-UHFFFAOYSA-N,1
CTSPAMFJBXKSOY-UHFFFAOYSA-N,13
YJGVMLPVUAXIQN-XVVDYKMHSA-N,12
LNTHITQWFMADLM-UHFFFAOYSA-N,12
YDQWDHRMZQUTBA-UHFFFAOYSA-N,12
NDNUANOUGZGEPO-UHFFFAOYSA-N,11
ZMXDDKWLCZADIW-UHFFFAOYSA-N,2
BDJRBEYXGGNYIS-UHFFFAOYSA-N,1
LOIYMIARKYCTBW-OWOJBTEDSA-N,1
SIKJAQJRHWYJAI-UHFFFAOYSA-N,1
FQTLCLSUCSAZDY-KAMYIIQDSA-N,1
BMVXCPBXGZKUPN-UHFFFAOYSA-N,2
GZPHSAQLYPIAIN-UHFFFAOYSA-N,2
UDMBCSSLTHHNCD-KQYNXXCUSA-N,2
IVOMOUWHDPKRLL-KQYNXXCUSA-N,2
KJPRLNWUNMBNBZ-QPJJXVBHSA-N,1
PXQPEWDEAKTCGB-UHFFFAOYSA-N,1
DSBIJCMXAIKKKI-UHFFFAOYSA-N,1
ZZIALNLLNHEQPJ-UHFFFAOYSA-N,1
XJQPQKLURWNAAH-UHFFFAOYSA-N,4
BTJIUGUIPKRLHP-UHFFFAOYSA-N,1
MECHNRXZTMCUDQ-RKHKHRCZSA-N,1
XHCADAYNFIFUHF-TVKJYDDYSA-N,1
MBDOYVRWFFCFHM-SNAWJCMRSA-N,1
BWLBGMIXKSTLSX-UHFFFAOYSA-N,1
YKPUWZUDDOIDPM-SOFGYWHQSA-N,4
ODJQKYXPKWQWNK-UHFFFAOYSA-N,1
ASUTZQLVASHGKV-JDFRZJQESA-N,4
BBNQQADTFFCFGB-UHFFFAOYSA-N,4
AFSDNFLWKVMVRB-UHFFFAOYSA-N,4
ZESRJSPZRDMNHY-YFWFAHHUSA-N,4
DEQITUUQPICUMR-HJPBWRTMSA-N,4
XREUEWVEMYWFFA-CSKJXFQVSA-N,4
CXQWRCVTCMQVQX-UHFFFAOYSA-N,5
NNJPGOLRFBJNIW-HNNXBMFYSA-N,4
HCZKYJDFEPMADG-UHFFFAOYSA-N,4
JZUTXVTYJDCMDU-RBUKOAKNSA-N,4
ABLACSIRCKEUOB-UHFFFAOYSA-N,4
GNXFOGHNGIVQEH-UHFFFAOYSA-N,24
JLGLQAWTXXGVEM-UHFFFAOYSA-N,17
RGLYKWWBQGJZGM-ISLYRVAYSA-N,8
OHPZPBNDOVQJMH-UHFFFAOYSA-N,4
UJVLDDZCTMKXJK-WNHSNXHDSA-N,4
OAYXUHPQHDHDDZ-UHFFFAOYSA-N,16
RNVCVTLRINQCPJ-UHFFFAOYSA-N,1
NPPQSCRMBWNHMW-UHFFFAOYSA-N,5
LKYQLAWMNBFNJT-UHFFFAOYSA-N,5
HYWYRSMBCFDLJT-UHFFFAOYSA-N,5
KLBQZWRITKRQQV-UHFFFAOYSA-N,5
OFPXSFXSNFPTHF-UHFFFAOYSA-N,5
KEEYRKYKLYARHO-UHFFFAOYSA-N,5
NPAGDVCDWIYMMC-IZPLOLCNSA-N,5
GUGOEEXESWIERI-UHFFFAOYSA-N,5
GIIZNNXWQWCKIB-UHFFFAOYSA-N,5
IPVQLZZIHOAWMC-QXKUPLGCSA-N,5
BTFMCMVEUCGQDX-UHFFFAOYSA-N,5
NWIUTZDMDHAVTP-UHFFFAOYSA-N,5
LDCYZAJDBXYCGN-VIFPVBQESA-N,3
BLGXFZZNTVWLAY-DIRVCLHFSA-N,3
SFBODOKJTYAUCM-UHFFFAOYSA-N,3
VZTUIEROBZXUFA-UHFFFAOYSA-N,3
SHIBSTMRCDJXLN-KCZCNTNESA-N,1
SNPLKNRPJHDVJA-UHFFFAOYSA-N,1
FCDLCPWAQCPTKC-UHFFFAOYSA-N,1
JEDYYFXHPAIBGR-UHFFFAOYSA-N,4
VNKBTWQZTQIWDV-UHFFFAOYSA-N,4
HOKKPVIRMVDYPB-UVTDQMKNSA-N,5
YTOPFCCWCSOHFV-UHFFFAOYSA-N,4
BIKACRYIQSLICJ-UHFFFAOYSA-N,4
