inchikey,num_peaks
MBMQEIFVQACCCH-QBODLPLBSA-N,222
AJLFOPYRIVGYMJ-INTXDZFKSA-N,101
RHMXXJGYXNZAPX-UHFFFAOYSA-N,61
BEJNERDRQOWKJM-UHFFFAOYSA-N,23
DDUHZTYCFQRHIY-RBHXEPJQSA-N,30
WVVSZNPYNCNODU-XTQGRXLLSA-N,28
DGMPVYSXXIOGJY-UHFFFAOYSA-N,89
HRKAMJBPFPHCSD-UHFFFAOYSA-N,49
GWVUTNGDMGTPFE-UHFFFAOYSA-N,125
BJQHLKABXJIVAM-UHFFFAOYSA-N,52
DQWPFSLDHJDLRL-UHFFFAOYSA-N,65
PZBQVZFITSVHAW-UHFFFAOYSA-N,108
WTLBZVNBAKMVDP-UHFFFAOYSA-N,162
XZZNDPSIHUTMOC-UHFFFAOYSA-N,378
HBGGXOJOCNVPFY-UHFFFAOYSA-N,64
PYGXAGIECVVIOZ-UHFFFAOYSA-N,177
YSMRWXYRXBRSND-UHFFFAOYSA-N,93
BOSMZFBHAYFUBJ-UHFFFAOYSA-N,164
RYUJRXVZSJCHDZ-UHFFFAOYSA-N,77
SAOKZLXYCUGLFA-UHFFFAOYSA-N,68
STCOOQWBFONSKY-UHFFFAOYSA-N,26
DOZRDZLFLOODMB-UHFFFAOYSA-N,45
GTVWRXDRKAHEAD-UHFFFAOYSA-N,83
HQUQLFOMPYWACS-UHFFFAOYSA-N,71
QZCLKYGREBVARF-UHFFFAOYSA-N,108
KRADHMIOFJQKEZ-UHFFFAOYSA-N,63
CMGDVUCDZOBDNL-UHFFFAOYSA-N,134
IZYUWBATGXUSIK-UHFFFAOYSA-N,6
HORIEOQXBKUKGQ-UHFFFAOYSA-N,97
ASLWPAWFJZFCKF-UHFFFAOYSA-N,27
RMLPZKRPSQVRAB-UHFFFAOYSA-N,98
ZVFDTKUVRCTHQE-UHFFFAOYSA-N,62
UHGULLIUJBCTEF-UHFFFAOYSA-N,174
FZUGPQWGEGAKET-UHFFFAOYSA-N,47
QRUDEWIWKLJBPS-UHFFFAOYSA-N,87
IOJUPLGTWVMSFF-UHFFFAOYSA-N,29
VHCNQEUWZYOAEV-UHFFFAOYSA-N,221
LVQDKIWDGQRHTE-UHFFFAOYSA-N,67
QELSKZZBTMNZEB-UHFFFAOYSA-N,10
JOFDPSBOUCXJCC-UHFFFAOYSA-N,97
ICNFHJVPAJKPHW-UHFFFAOYSA-N,123
ULGZDMOVFRHVEP-RWJQBGPGSA-N,321
XQVWYOYUZDUNRW-UHFFFAOYSA-N,70
MKUXAQIIEYXACX-UHFFFAOYSA-N,29
NDAUXUAQIAJITI-UHFFFAOYSA-N,174
LFTLOKWAGJYHHR-UHFFFAOYSA-N,6
DOOTYTYQINUNNV-UHFFFAOYSA-N,33
JZQKKSLKJUAGIC-UHFFFAOYSA-N,121
XMTQQYYKAHVGBJ-UHFFFAOYSA-N,120
LNOOSYCKMKZOJB-UHFFFAOYSA-N,357
PUYXTUJWRLOUCW-UHFFFAOYSA-N,86
FRQMUZJSZHZSGN-HBNHAYAOSA-N,60
PQFRTXSWDXZRRS-UHFFFAOYSA-N,61
BCGWQEUPMDMJNV-UHFFFAOYSA-N,25
PSIFNNKUMBGKDQ-UHFFFAOYSA-N,302
ZZVUWRFHKOJYTH-UHFFFAOYSA-N,97
XOFYZVNMUHMLCC-ZPOLXVRWSA-N,1591
AIFRHYZBTHREPW-UHFFFAOYSA-N,87
AYXYPKUFHZROOJ-ZETCQYMHSA-N,106
FOUWCSDKDDHKQP-UHFFFAOYSA-N,283
IVUXTESCPZUGJC-UHFFFAOYSA-N,71
VXTGHWHFYNYFFV-UHFFFAOYSA-N,40
ZZUFCTLCJUWOSV-UHFFFAOYSA-N,62
DPSPPJIUMHPXMA-UHFFFAOYSA-N,114
PHNUZKMIPFFYSO-UHFFFAOYSA-N,93
SGTNSNPWRIOYBX-UHFFFAOYSA-N,258
JYGXADMDTFJGBT-VWUMJDOOSA-N,1007
FEBLZLNTKCEFIT-VSXGLTOVSA-N,778
HXAIQOCRALNGKB-UHFFFAOYSA-N,9
YQEZLKZALYSWHR-UHFFFAOYSA-N,152
WYEMLYFITZORAB-UHFFFAOYSA-N,259
GXPIUNZCALHVBA-UHFFFAOYSA-N,365
LFULEKSKNZEWOE-UHFFFAOYSA-N,49
KNAHARQHSZJURB-UHFFFAOYSA-N,53
MWBPRDONLNQCFV-UHFFFAOYSA-N,68
VEQOALNAAJBPNY-UHFFFAOYSA-N,2048
PXWLVJLKJGVOKE-UHFFFAOYSA-N,314
CHMBIJAOCISYEW-UHFFFAOYSA-N,41
WJCNZQLZVWNLKY-UHFFFAOYSA-N,137
FIQMHBFVRAXMOP-UHFFFAOYSA-N,147
RIZMRRKBZQXFOY-UHFFFAOYSA-N,87
WXURHACBFYSXBI-GQKYHHCASA-N,456
VHYFNPMBLIVWCW-UHFFFAOYSA-N,14
RNLHGQLZWXBQNY-UHFFFAOYSA-N,39
LRUDIIUSNGCQKF-UHFFFAOYSA-N,87
KIEDNEWSYUYDSN-UHFFFAOYSA-N,79
QHOQHJPRIBSPCY-UHFFFAOYSA-N,119
FSQKKOOTNAMONP-UHFFFAOYSA-N,95
FELGMEQIXOGIFQ-UHFFFAOYSA-N,50
XEGGRYVFLWGFHI-UHFFFAOYSA-N,44
IAKHMKGGTNLKSZ-INIZCTEOSA-N,2779
ZDPIZLCVJAAHHR-UHFFFAOYSA-N,32
DKMFBWQBDIGMHM-UHFFFAOYSA-N,26
WXCMHFPAUCOJIG-UHFFFAOYSA-N,9
PMRYVIKBURPHAH-UHFFFAOYSA-N,47
UFEODZBUAFNAEU-NLRVBDNBSA-N,376
FQKUGOMFVDPBIZ-UHFFFAOYSA-N,282
PROQIPRRNZUXQM-ZXXIGWHRSA-N,3
IMFACGCPASFAPR-UHFFFAOYSA-N,40
CYESCLHCWJKRKM-UHFFFAOYSA-N,127
OIGNJSKKLXVSLS-VWUMJDOOSA-N,392
ALZOLUNSQWINIR-UHFFFAOYSA-N,174
WYVVKGNFXHOCQV-UHFFFAOYSA-N,68
DFWFIQKMSFGDCQ-UHFFFAOYSA-N,136
IUBSYMUCCVWXPE-UHFFFAOYSA-N,451
ZOMSMJKLGFBRBS-UHFFFAOYSA-N,66
NAPNOSFRRMHNBJ-UHFFFAOYSA-N,15
ZQTNQVWKHCQYLQ-UHFFFAOYSA-N,129
XKJMBINCVNINCA-UHFFFAOYSA-N,191
GJPICJJJRGTNOD-UHFFFAOYSA-N,52
CJJOSEISRRTUQB-UHFFFAOYSA-N,160
LXCFILQKKLGQFO-UHFFFAOYSA-N,11
NTJOBXMMWNYJFB-UHFFFAOYSA-N,97
PMCBDBWCQQBSRJ-UHFFFAOYSA-N,65
KPUREKXXPHOJQT-UHFFFAOYSA-N,52
VOXZDWNPVJITMN-ZBRFXRBCSA-N,126
RZVAJINKPMORJF-UHFFFAOYSA-N,75
GFNANZIMVAIWHM-OBYCQNJPSA-N,905
IRCMYGHHKLLGHV-UHFFFAOYSA-N,279
JPMIIZHYYWMHDT-UHFFFAOYSA-N,46
QZUDBNBUXVUHMW-UHFFFAOYSA-N,85
PUIYMUZLKQOUOZ-UHFFFAOYSA-N,101
VVBLNCFGVYUYGU-UHFFFAOYSA-N,60
QGHREAKMXXNCOA-UHFFFAOYSA-N,63
YWTYJOPNNQFBPC-UHFFFAOYSA-N,347
ODCWYMIRDDJXKW-UHFFFAOYSA-N,210
HZJKXKUJVSEEFU-UHFFFAOYSA-N,119
MXWJVTOOROXGIU-UHFFFAOYSA-N,189
NZCRJKRKKOLAOJ-XRCRFVBUSA-N,157
ZCVAOQKBXKSDMS-UHFFFAOYSA-N,44
SDYWXFYBZPNOFX-UHFFFAOYSA-N,17
AXRYRYVKAWYZBR-GASGPIRDSA-N,70
GBXSMTUPTTWBMN-XIRDDKMYSA-N,51
PCZOHLXUXFIOCF-BXMDZJJMSA-N,489
NUVBSKCKDOMJSU-UHFFFAOYSA-N,37
ASMQGLCHMVWBQR-UHFFFAOYSA-N,29
UIKROCXWUNQSPJ-VIFPVBQESA-N,113
MKXKFYHWDHIYRV-UHFFFAOYSA-N,26
CAWXEEYDBZRFPE-UHFFFAOYSA-N,124
BUGYDGFZZOZRHP-UHFFFAOYSA-N,91
PNVJTZOFSHSLTO-UHFFFAOYSA-N,105
JDSHMPZPIAZGSV-UHFFFAOYSA-N,35
WZJZMXBKUWKXTQ-UHFFFAOYSA-N,91
STJLVHWMYQXCPB-UHFFFAOYSA-N,160
ZRVUJXDFFKFLMG-UHFFFAOYSA-N,41
MGLWZSOBALDPEK-UHFFFAOYSA-N,82
RYLHNOVXKPXDIP-UHFFFAOYSA-N,25
ICUTUKXCWQYESQ-UHFFFAOYSA-N,129
JRBJSXQPQWSCCF-UHFFFAOYSA-N,111
PYZRQGJRPPTADH-UHFFFAOYSA-N,317
MLYYVTUWGNIJIB-BXKDBHETSA-N,279
PORQOHRXAJJKGK-UHFFFAOYSA-N,77
QGXBDMJGAMFCBF-HLUDHZFRSA-N,143
JWUXJYZVKZKLTJ-UHFFFAOYSA-N,4
JVMSQRAXNZPDHF-UHFFFAOYSA-N,2
HPNSFSBZBAHARI-RUDMXATFSA-N,167
XUKUURHRXDUEBC-KAYWLYCHSA-N,590
IEDVJHCEMCRBQM-UHFFFAOYSA-N,417
VOXZDWNPVJITMN-SFFUCWETSA-N,91
VHRSUDSXCMQTMA-PJHHCJLFSA-N,1483
YMTINGFKWWXKFG-UHFFFAOYSA-N,86
MIWRSUQXSCLDNV-UHFFFAOYSA-N,140
JLKIGFTWXXRPMT-UHFFFAOYSA-N,973
CBGUOGMQLZIXBE-XGQKBEPLSA-N,315
PZXOQEXFMJCDPG-UHFFFAOYSA-N,52
RTCOGUMHFFWOJV-UHFFFAOYSA-N,111
RLBIQVVOMOPOHC-UHFFFAOYSA-N,55
SIGSPDASOTUPFS-XUDSTZEESA-N,421
DMSMPAJRVJJAGA-UHFFFAOYSA-N,79
ASWVTGNCAZCNNR-UHFFFAOYSA-N,193
DIWRORZWFLOCLC-UHFFFAOYSA-N,118
RMMXLENWKUUMAY-UHFFFAOYSA-N,168
ARZWATDYIYAUTA-UHFFFAOYSA-N,29
VOVIALXJUBGFJZ-VXKMTNQYSA-N,241
HAORKNGNJCEJBX-UHFFFAOYSA-N,419
WCXDHFDTOYPNIE-UHFFFAOYSA-N,27
DZGWFCGJZKJUFP-UHFFFAOYSA-N,126
FSVJFNAIGNNGKK-UHFFFAOYSA-N,203
DXGLGDHPHMLXJC-UHFFFAOYSA-N,94
NKANXQFJJICGDU-QPLCGJKRSA-N,137
RTHCYVBBDHJXIQ-UHFFFAOYSA-N,96
BAZVSMNPJJMILC-UHFFFAOYSA-N,28
RYAUSSKQMZRMAI-ALOPSCKCSA-N,114
PSGAAPLEWMOORI-PEINSRQWSA-N,250
IVENSCMCQBJAKW-UHFFFAOYSA-N,254
ISEUFVQQFVOBCY-UHFFFAOYSA-N,74
CJBJHOAVZSMMDJ-HEXNFIEUSA-N,118
RYMZZMVNJRMUDD-HGQWONQESA-N,234
GCKMFJBGXUYNAG-HLXURNFRSA-N,298
MHKLKWCYGIBEQF-UHFFFAOYSA-N,74
IDQHRQQSSQDLTR-UHFFFAOYSA-N,65
YHXISWVBGDMDLQ-UHFFFAOYSA-N,53
ASOKPJOREAFHNY-UHFFFAOYSA-N,94
IIBYAHWJQTYFKB-UHFFFAOYSA-N,171
TZBJGXHYKVUXJN-UHFFFAOYSA-N,623
JNNOSTQEZICQQP-UHFFFAOYSA-N,118
GLVAUDGFNGKCSF-UHFFFAOYSA-N,47
WWYNJERNGUHSAO-CULCCENASA-N,292
YFNKIDBQEZZDLK-UHFFFAOYSA-N,33
JHSPCUHPSIUQRB-UHFFFAOYSA-N,94
HDDSHPAODJUKPD-UHFFFAOYSA-N,40
NHDHVHZZCFYRSB-UHFFFAOYSA-N,79
UVCJGUGAGLDPAA-UHFFFAOYSA-N,46
VTNQPKFIQCLBDU-UHFFFAOYSA-N,108
HHUQPWODPBDTLI-UHFFFAOYSA-N,82
NNJVILVZKWQKPM-UHFFFAOYSA-N,84
HJOVHMDZYOCNQW-UHFFFAOYSA-N,314
KRTSDMXIXPKRQR-AATRIKPKSA-N,17
YBGZDTIWKVFICR-JLHYYAGUSA-N,26
DKNWSYNQZKUICI-UHFFFAOYSA-N,74
KVMPUXDNESXNOH-UHFFFAOYSA-N,47
OWEGWHBOCFMBLP-UHFFFAOYSA-N,218
RONZAEMNMFQXRA-UHFFFAOYSA-N,199
RYYVLZVUVIJVGH-UHFFFAOYSA-N,211
GJSURZIOUXUGAL-UHFFFAOYSA-N,184
RQVGAIADHNPSME-UHFFFAOYSA-N,186
HDHLIWCXDDZUFH-UHFFFAOYSA-N,209
SMWDFEZZVXVKRB-UHFFFAOYSA-N,23
JWYUFVNJZUSCSM-UHFFFAOYSA-N,99
ADIMAYPTOBDMTL-UHFFFAOYSA-N,237
XMAYWYJOQHXEEK-OZXSUGGESA-N,480
YBBLVLTVTVSKRW-UHFFFAOYSA-N,106
FJLGEFLZQAZZCD-MCBHFWOFSA-N,67
NUIURNJTPRWVAP-UHFFFAOYSA-N,56
ZFXYFBGIUFBOJW-UHFFFAOYSA-N,234
WFDXOXNFNRHQEC-GHRIWEEISA-N,348
DKYWVDODHFEZIM-UHFFFAOYSA-N,142
TWFZGCMQGLPBSX-UHFFFAOYSA-N,110
WBGKWQHBNHJJPZ-LECWWXJVSA-N,249
HTQMVQVXFRQIKW-UHFFFAOYSA-N,602
NQPDXQQQCQDHHW-UHFFFAOYSA-N,239
QSLMDECMDJKHMQ-UHFFFAOYSA-N,159
JCCNYMKQOSZNPW-UHFFFAOYSA-N,189
JAUOIFJMECXRGI-UHFFFAOYSA-N,79
MJJALKDDGIKVBE-UHFFFAOYSA-N,39
HFACYLZERDEVSX-UHFFFAOYSA-N,73
OEBRKCOSUFCWJD-UHFFFAOYSA-N,61
YWFWDNVOPHGWMX-UHFFFAOYSA-N,9
ABRIMXGLNHCLIP-UHFFFAOYSA-N,9
FFGPTBGBLSHEPO-UHFFFAOYSA-N,153
MUMGGOZAMZWBJJ-DYKIIFRCSA-N,369
FBOZXECLQNJBKD-ZDUSSCGKSA-N,27
WVQBLGZPHOPPFO-UHFFFAOYSA-N,323
PWWVAXIEGOYWEE-UHFFFAOYSA-N,37
KNHUKKLJHYUCFP-UHFFFAOYSA-N,18
METQSPRSQINEEU-HXCATZOESA-N,313
NGBFQHCMQULJNZ-UHFFFAOYSA-N,92
DQMZLTXERSFNPB-UHFFFAOYSA-N,166
JOOMJVFZQRQWKR-UHFFFAOYSA-N,170
ZQEIXNIJLIKNTD-UHFFFAOYSA-N,250
GVGLGOZIDCSQPN-PVHGPHFFSA-N,206
VMXUWOKSQNHOCA-UKTHLTGXSA-N,347
NDDAHWYSQHTHNT-UHFFFAOYSA-N,101
HJUFTIJOISQSKQ-UHFFFAOYSA-N,170
IROINLKCQGIITA-UHFFFAOYSA-N,157
AOMUHOFOVNGZAN-UHFFFAOYSA-N,36
IMUDHTPIFIBORV-UHFFFAOYSA-N,12
MQJKPEGWNLWLTK-UHFFFAOYSA-N,116
WYKYKTKDBLFHCY-UHFFFAOYSA-N,351
ZMYFCFLJBGAQRS-UHFFFAOYSA-N,71
MCWXGJITAZMZEV-UHFFFAOYSA-N,157
ZQSIJRDFPHDXIC-UHFFFAOYSA-N,741
HOMGKSMUEGBAAB-UHFFFAOYSA-N,150
NLZUEZXRPGMBCV-UHFFFAOYSA-N,7
NCDNCNXCDXHOMX-XGKFQTDJSA-N,58
BNCADMBVWNPPIZ-UHFFFAOYSA-N,35
RMEDXOLNCUSCGS-UHFFFAOYSA-N,68
XUIIKFGFIJCVMT-LBPRGKRZSA-N,8
KJHKTHWMRKYKJE-SUGCFTRWSA-N,41
FIPWRIJSWJWJAI-UHFFFAOYSA-N,5
GAGWJHPBXLXJQN-UORFTKCHSA-N,36
RCTGMCJBQGBLKT-PAMTUDGESA-N,36
HYYBABOKPJLUIN-UHFFFAOYSA-N,127
TVYLLZQTGLZFBW-ZBFHGGJFSA-N,54
ZBMZVLHSJCTVON-UHFFFAOYSA-N,137
RMMXTBMQSGEXHJ-UHFFFAOYSA-N,387
OWRCNXZUPFZXOS-UHFFFAOYSA-N,67
GZUITABIAKMVPG-UHFFFAOYSA-N,76
RDQSIADLBQFVMY-UHFFFAOYSA-N,11
OCAPBUJLXMYKEJ-UHFFFAOYSA-N,45
FSAVDKDHPDSCTO-UHFFFAOYSA-N,78
AEMFNILZOJDQLW-QAGGRKNESA-N,258
IANUJLZYFUDJIH-UHFFFAOYSA-N,138
WURGXGVFSMYFCG-UHFFFAOYSA-N,24
XWPZUHJBOLQNMN-UHFFFAOYSA-N,66
JGMOKGBVKVMRFX-HQZYFCCVSA-N,433
WOFMFGQZHJDGCX-ZULDAHANSA-N,307
SEQDDYPDSLOBDC-UHFFFAOYSA-N,54
QMLVECGLEOSESV-RYUDHWBXSA-N,160
QPQKUYVSJWQSDY-CCEZHUSRSA-N,73
CIGKZVUEZXGYSV-UHFFFAOYSA-N,174
RQZAXGRLVPAYTJ-GQFGMJRRSA-N,386
RAPZEAPATHNIPO-UHFFFAOYSA-N,96
PJVWKTKQMONHTI-UHFFFAOYSA-N,175
PNVNVHUZROJLTJ-UHFFFAOYSA-N,173
SAADBVWGJQAEFS-UHFFFAOYSA-N,121
FGXWKSZFVQUSTL-UHFFFAOYSA-N,33
AJPIUNPJBFBUKK-UHFFFAOYSA-N,71
METKIMKYRPQLGS-UHFFFAOYSA-N,304
JWHAUXFOSRPERK-UHFFFAOYSA-N,41
PMHURSZHKKJGBM-UHFFFAOYSA-N,99
OUBMGJOQLXMSNT-UHFFFAOYSA-N,57
OMFXVFTZEKFJBZ-HJTSIMOOSA-N,881
XCSGPAVHZFQHGE-UHFFFAOYSA-N,129
OROGSEYTTFOCAN-DNJOTXNNSA-N,853
OFCNXPDARWKPPY-UHFFFAOYSA-N,51
PVHUJELLJLJGLN-UHFFFAOYSA-N,149
GOVWOKSKFSBNGD-UHFFFAOYSA-N,21
CGIGDMFJXJATDK-UHFFFAOYSA-N,86
WRPIRSINYZBGPK-UHFFFAOYSA-N,149
QLHULAHOXSSASE-UHFFFAOYSA-N,97
AAOVKJBEBIDNHE-UHFFFAOYSA-N,299
RJKFOVLPORLFTN-LEKSSAKUSA-N,381
CHIFOSRWCNZCFN-UHFFFAOYSA-N,529
KIQQMECNKUGGKA-NMYWJIRASA-N,158
NSPMIYGKQJPBQR-UHFFFAOYSA-N,1
KYGZCKSPAKDVKC-UHFFFAOYSA-N,252
ZNNLBTZKUZBEKO-UHFFFAOYSA-N,77
SEOVTRFCIGRIMH-UHFFFAOYSA-N,164
UGJMXCAKCUNAIE-UHFFFAOYSA-N,171
GECHUMIMRBOMGK-UHFFFAOYSA-N,218
XSFJVAJPIHIPKU-XWCQMRHXSA-N,442
DDRJAANPRJIHGJ-UHFFFAOYSA-N,22
AHTPATJNIAFOLR-UHFFFAOYSA-N,139
QIKYZXDTTPVVAC-UHFFFAOYSA-N,62
VIKNJXKGJWUCNN-XGXHKTLJSA-N,608
ILKJAFIWWBXGDU-MOGDOJJUSA-N,474
IAOZJIPTCAWIRG-QWRGUYRKSA-N,119
FAKRSMQSSFJEIM-RQJHMYQMSA-N,85
WLFDQEVORAMCIM-UHFFFAOYSA-N,48
FMJSMJQBSVNSBF-UHFFFAOYSA-N,49
NVKAWKQGWWIWPM-ABEVXSGRSA-N,141
IKTHMQYJOWTSJO-UHFFFAOYSA-N,29
IBSNKSODLGJUMQ-SDNWHVSQSA-N,52
VBCVPMMZEGZULK-NRFANRHFSA-N,293
LMYRWZFENFIFIT-UHFFFAOYSA-N,57
KVWDHTXUZHCGIO-UHFFFAOYSA-N,80
KTALPKYXQZGAEG-UHFFFAOYSA-N,41
GSDSWSVVBLHKDQ-UHFFFAOYSA-N,223
MXXWOMGUGJBKIW-YPCIICBESA-N,399
QQQYTWIFVNKMRW-UHFFFAOYSA-N,22
JNMRHUJNCSQMMB-UHFFFAOYSA-N,180
MVWVFYHBGMAFLY-UHFFFAOYSA-N,49
RZEKVGVHFLEQIL-UHFFFAOYSA-N,103
CHNUNORXWHYHNE-UHFFFAOYSA-N,268
HEMJJKBWTPKOJG-UHFFFAOYSA-N,91
OPXLLQIJSORQAM-UHFFFAOYSA-N,99
IQPSEEYGBUAQFF-UHFFFAOYSA-N,111
UHSKFQJFRQCDBE-UHFFFAOYSA-N,28
YOSHYTLCDANDAN-UHFFFAOYSA-N,178
PSFDQSOCUJVVGF-UHFFFAOYSA-N,240
RDOIQAHITMMDAJ-UHFFFAOYSA-N,38
MNIPYSSQXLZQLJ-UHFFFAOYSA-N,25
FVUGZKDGWGKCFE-UHFFFAOYSA-N,1
MFYSYFVPBJMHGN-ZPOLXVRWSA-N,1647
PXMNMQRDXWABCY-UHFFFAOYSA-N,161
BGRJTUBHPOOWDU-UHFFFAOYSA-N,48
BYBLEWFAAKGYCD-UHFFFAOYSA-N,25
FAOZLTXFLGPHNG-KNAQIMQKSA-N,620
DOMXUEMWDBAQBQ-WEVVVXLNSA-N,18
FAEKWTJYAYMJKF-QHCPKHFHSA-N,45
IPRJXAGUEGOFGG-UHFFFAOYSA-N,34
RXZBMPWDPOLZGW-HITVVWEBSA-N,57
PJMPHNIQZUBGLI-UHFFFAOYSA-N,64
XXOYNJXVWVNOOJ-UHFFFAOYSA-N,45
VLYWMPOKSSWJAL-UHFFFAOYSA-N,32
RFHAOTPXVQNOHP-UHFFFAOYSA-N,275
BRBKOPJOKNSWSG-UHFFFAOYSA-N,5
JHAYEQICABJSTP-UHFFFAOYSA-N,32
YASYVMFAVPKPKE-UHFFFAOYSA-N,20
NTHXOOBQLCIOLC-UHFFFAOYSA-N,141
WYEHFWKAOXOVJD-UHFFFAOYSA-N,145
PGOOBECODWQEAB-UHFFFAOYSA-N,223
AKPLHCDWDRPJGD-UHFFFAOYSA-N,302
TVLSRXXIMLFWEO-UHFFFAOYSA-N,328
CLQMBPJKHLGMQK-UHFFFAOYSA-N,50
NTYJJOPFIAHURM-UHFFFAOYSA-N,32
IYIKLHRQXLHMJQ-UHFFFAOYSA-N,158
AFYCEAFSNDLKSX-UHFFFAOYSA-N,106
KLSJWNVTNUYHDU-UHFFFAOYSA-N,17
CXOXHMZGEKVPMT-UHFFFAOYSA-N,225
YRMLFORXOOIJDR-UHFFFAOYSA-N,11
HXHWSAZORRCQMX-UHFFFAOYSA-N,175
YFBPRJGDJKVWAH-UHFFFAOYSA-N,111
BEZZFPOZAYTVHN-UHFFFAOYSA-N,85
XBHBWNFJWIASRO-UHFFFAOYSA-N,544
PZBPKYOVPCNPJY-UHFFFAOYSA-N,140
XZWYZXLIPXDOLR-UHFFFAOYSA-N,150
ZBHXIWJRIFEVQY-IHMPYVIRSA-N,51
QFOHBWFCKVYLES-UHFFFAOYSA-N,44
VNFPBHJOKIVQEB-UHFFFAOYSA-N,51
BLFLLBZGZJTVJG-UHFFFAOYSA-N,56
TTWJBBZEZQICBI-UHFFFAOYSA-N,794
PJSFRIWCGOHTNF-UHFFFAOYSA-N,16
AGPKZVBTJJNPAG-UHFFFAOYSA-N,47
DWFZBUWUXWZWKD-UHFFFAOYSA-N,48
CVXBEEMKQHEXEN-UHFFFAOYSA-N,66
SECXISVLQFMRJM-UHFFFAOYSA-N,20
YFGYUFNIOHWBOB-UHFFFAOYSA-N,155
BQYJATMQXGBDHF-UHFFFAOYSA-N,204
DBEPLOCGEIEOCV-WSBQPABSSA-N,192
YNDXUCZADRHECN-JNQJZLCISA-N,892
JLYFCTQDENRSOL-UHFFFAOYSA-N,334
FVFVNNKYKYZTJU-UHFFFAOYSA-N,44
SEEPANYCNGTZFQ-UHFFFAOYSA-N,99
WXZVAROIGSFCFJ-UHFFFAOYSA-N,286
BCFGMOOMADDAQU-UHFFFAOYSA-N,47
AKUJBENLRBOFTD-RPRRAYFGSA-N,419
BFYIZQONLCFLEV-DAELLWKTSA-N,555
RQVYBGPQFYCBGX-UHFFFAOYSA-N,149
VACCAVUAMIDAGB-UHFFFAOYSA-N,8
HUWXDEQWWKGHRV-UHFFFAOYSA-N,82
ZZORFUFYDOWNEF-UHFFFAOYSA-N,216
SUBDBMMJDZJVOS-UHFFFAOYSA-N,58
FHIVAFMUCKRCQO-UHFFFAOYSA-N,110
NOQGZXFMHARMLW-UHFFFAOYSA-N,40
DJBNUMBKLMJRSA-UHFFFAOYSA-N,101
XSAYZAUNJMRRIR-UHFFFAOYSA-N,1
VPWNQTHUCYMVMZ-UHFFFAOYSA-N,69
ZUHZGEOKBKGPSW-UHFFFAOYSA-N,22
DBGIVFWFUFKIQN-UHFFFAOYSA-N,128
MMOXZBCLCQITDF-UHFFFAOYSA-N,81
DHNRXBZYEKSXIM-UHFFFAOYSA-N,107
SFBHPFQSSDCYSL-UHFFFAOYSA-N,11
HZRSNVGNWUDEFX-UHFFFAOYSA-N,331
PAFZNILMFXTMIY-UHFFFAOYSA-N,23
BXNANOICGRISHX-UHFFFAOYSA-N,137
SBZXBUIDTXKZTM-UHFFFAOYSA-N,29
JZFPYUNJRRFVQU-UHFFFAOYSA-N,150
LNEPOXFFQSENCJ-UHFFFAOYSA-N,63
FOXFZRUHNHCZPX-UHFFFAOYSA-N,232
VOWAEIGWURALJQ-UHFFFAOYSA-N,24
LDBTVAXGKYIFHO-UHFFFAOYSA-N,120
MQTOSJVFKKJCRP-BICOPXKESA-N,14
CXVGEDCSTKKODG-UHFFFAOYSA-N,125
ZPEIMTDSQAKGNT-UHFFFAOYSA-N,43
VYMDGNCVAMGZFE-UHFFFAOYSA-N,241
SPFYMRJSYKOXGV-UHFFFAOYSA-N,529
MFOUDYKPLGXPGO-UHFFFAOYSA-N,84
BYPFEZZEUUWMEJ-UHFFFAOYSA-N,33
WZZLDXDUQPOXNW-UHFFFAOYSA-N,90
CWJSHJJYOPWUGX-UHFFFAOYSA-N,38
FQPSGWSUVKBHSU-UHFFFAOYSA-N,2
DSKJPMWIHSOYEA-UHFFFAOYSA-N,235
DUUGKQCEGZLZNO-UHFFFAOYSA-N,115
NXFQWRWXEYTOTK-UHFFFAOYSA-N,82
SEGLCEQVOFDUPX-UHFFFAOYSA-N,5
VREFGVBLTWBCJP-UHFFFAOYSA-N,7
UREBDLICKHMUKA-CXSFZGCWSA-N,925
OGJPXUAPXNRGGI-UHFFFAOYSA-N,143
HWGBHCRJGXAGEU-UHFFFAOYSA-N,3
AHOUBRCZNHFOSL-YOEHRIQHSA-N,10
FDDDEECHVMSUSB-UHFFFAOYSA-N,138
DKCPKDPYUFEZCP-UHFFFAOYSA-N,4
DNXHEGUUPJUMQT-CBZIJGRNSA-N,8
WZKXBGJNNCGHIC-UHFFFAOYSA-N,56
MIZGSAALSYARKU-UHFFFAOYSA-N,4
XRECTZIEBJDKEO-UHFFFAOYSA-N,25
JTSDBFGMPLKDCD-XVFHVFLVSA-N,9
ANTSCNMPPGJYLG-UHFFFAOYSA-N,10
MRQIXHXHHPWVIL-ISLYRVAYSA-N,14
QPPBRPIAZZHUNT-UHFFFAOYSA-N,12
FNYLWPVRPXGIIP-UHFFFAOYSA-N,146
ZAIPMKNFIOOWCQ-UEKVPHQBSA-N,15
KJONHKAYOJNZEC-UHFFFAOYSA-N,164
BPFYOAJNDMUVBL-UHFFFAOYSA-N,158
XOXHILFPRYWFOD-UHFFFAOYSA-N,6
FZXISNSWEXTPMF-UHFFFAOYSA-N,169
CMPQUABWPXYYSH-UHFFFAOYSA-N,51
JYFHYPJRHGVZDY-UHFFFAOYSA-N,1
NHUHCSRWZMLRLA-UHFFFAOYSA-N,73
GPTONYMQFTZPKC-UHFFFAOYSA-N,18
STJMRWALKKWQGH-UHFFFAOYSA-N,114
VAOCPAMSLUNLGC-UHFFFAOYSA-N,100
ICSNLGPSRYBMBD-UHFFFAOYSA-N,2
GDLIGKIOYRNHDA-UHFFFAOYSA-N,68
FBUKVWPVBMHYJY-UHFFFAOYSA-N,33
WPYMKLBDIGXBTP-UHFFFAOYSA-N,10
SHGAZHPCJJPHSC-YCNIQYBTSA-N,74
DTOSIQBPPRVQHS-PDBXOOCHSA-N,16
ISWSIDIOOBJBQZ-UHFFFAOYSA-N,7
HXYVTAGFYLMHSO-UHFFFAOYSA-N,20
OVBPIULPVIDEAO-LBPRGKRZSA-N,43
NCYCYZXNIZJOKI-OVSJKPMPSA-N,49
RWZYAGGXGHYGMB-UHFFFAOYSA-N,36
QRMZSPFSDQBLIX-UHFFFAOYSA-N,13
MQIUGAXCHLFZKX-UHFFFAOYSA-N,11
YCIMNLLNPGFGHC-UHFFFAOYSA-N,11
GWYFCOCPABKNJV-UHFFFAOYSA-N,7
OYHQOLUKZRVURQ-HZJYTTRNSA-N,263
IYRMWMYZSQPJKC-UHFFFAOYSA-N,570
WQEPLUUGTLDZJY-UHFFFAOYSA-N,25
BOWVQLFMWHZBEF-KTKRTIGZSA-N,9
NIQCNGHVCWTJSM-UHFFFAOYSA-N,71
QIAFMBKCNZACKA-UHFFFAOYSA-N,11
MQHNKCZKNAJROC-UHFFFAOYSA-N,26
REFJWTPEDVJJIY-UHFFFAOYSA-N,544
OIRDTQYFTABQOQ-KQYNXXCUSA-N,138
USVMJSALORZVDV-SDBHATRESA-N,32
WMBWREPUVVBILR-WIYYLYMNSA-N,145
WBYWAXJHAXSJNI-VOTSOKGWSA-N,49
LEHOTFFKMJEONL-UHFFFAOYSA-N,11
FJKROLUGYXJWQN-UHFFFAOYSA-N,24
LEVWYRKDKASIDU-IMJSIDKUSA-N,30
ODKSFYDXXFIFQN-BYPYZUCNSA-N,25
DHMQDGOQFOQNFH-UHFFFAOYSA-N,70
YBJHBAHKTGYVGT-ZKWXMUAHSA-N,282
KZNIFHPLKGYRTM-UHFFFAOYSA-N,227
AUNGANRZJHBGPY-SCRDCRAPSA-N,15
QWDBCIAVABMJPP-UHFFFAOYSA-N,13
YAPQBXQYLJRXSA-UHFFFAOYSA-N,227
TYFQFVWCELRYAO-UHFFFAOYSA-N,57
UGQMRVRMYYASKQ-KQYNXXCUSA-N,83
DFPAKSUCGFBDDF-UHFFFAOYSA-N,63
OUYCCCASQSFEME-QMMMGPOBSA-N,71
FLKPEMZONWLCSK-UHFFFAOYSA-N,43
NBIIXXVUZAFLBC-UHFFFAOYSA-N,5
TUNFSRHWOTWDNC-UHFFFAOYSA-N,1
QIVBCDIJIAJPQS-VIFPVBQESA-N,164
YGSDEFSMJLZEOE-UHFFFAOYSA-N,40
DOIRQSBPFJWKBE-UHFFFAOYSA-N,100
QASFUMOKHFSJGL-LAFRSMQTSA-N,188
KRZCOLNOCZKSDF-UHFFFAOYSA-N,27
YCSBALJAGZKWFF-UHFFFAOYSA-N,3
OISVCGZHLKNMSJ-UHFFFAOYSA-N,2
ZKXDGKXYMTYWTB-UHFFFAOYSA-N,52
XSCHRSMBECNVNS-UHFFFAOYSA-N,1
QSNSCYSYFYORTR-UHFFFAOYSA-N,12
VHBFFQKBGNRLFZ-UHFFFAOYSA-N,131
RLFWWDJHLFCNIJ-UHFFFAOYSA-N,344
BPEXTIMJLDWDTL-UHFFFAOYSA-N,3
AFDXODALSZRGIH-QPJJXVBHSA-N,11
PLIKAWJENQZMHA-UHFFFAOYSA-N,4
CJOFXWAVKWHTFT-XSFVSMFZSA-N,9
XIKIUQUXDNHBFR-UHFFFAOYSA-N,14
YNAVUWVOSKDBBP-UHFFFAOYSA-N,2
KXDAEFPNCMNJSK-UHFFFAOYSA-N,34
UFFBMTHBGFGIHF-UHFFFAOYSA-N,76
KBOPZPXVLCULAV-UHFFFAOYSA-N,3
MARUHZGHZWCEQU-UHFFFAOYSA-N,2
WGQKYBSKWIADBV-UHFFFAOYSA-N,2
SBPBAQFWLVIOKP-UHFFFAOYSA-N,102
YXIWHUQXZSMYRE-UHFFFAOYSA-N,86
DMBHHRLKUKUOEG-UHFFFAOYSA-N,54
UNAHYJYOSSSJHH-UHFFFAOYSA-N,197
XPOQHMRABVBWPR-ZDUSSCGKSA-N,189
JUJWROOIHBZHMG-UHFFFAOYSA-N,10
NQRYJNQNLNOLGT-UHFFFAOYSA-N,23
YHMYGUUIMTVXNW-UHFFFAOYSA-N,20
RUFPHBVGCFYCNW-UHFFFAOYSA-N,1
BWHOZHOGCMHOBV-UHFFFAOYSA-N,3
JKVNPRNAHRHQDD-UHFFFAOYSA-N,2
ROFVEXUMMXZLPA-UHFFFAOYSA-N,1
KLGQWSOYKYFBTR-UHFFFAOYSA-N,3
RGOVYLWUIBMPGK-UHFFFAOYSA-N,21
PAYRUJLWNCNPSJ-UHFFFAOYSA-N,38
TWBPWBPGNQWFSJ-UHFFFAOYSA-N,2
DVKJHBMWWAPEIU-UHFFFAOYSA-N,6
QXJKBPAVAHBARF-UHFFFAOYSA-N,88
KAESVJOAVNADME-UHFFFAOYSA-N,1
WIIZWVCIJKGZOK-RKDXNWHRSA-N,81
HYZJCKYKOHLVJF-UHFFFAOYSA-N,13
IRIAEXORFWYRCZ-UHFFFAOYSA-N,46
MXHTZQSKTCCMFG-UHFFFAOYSA-N,19
QUDWYFHPNIMBFC-UHFFFAOYSA-N,2
CDAWCLOXVUBKRW-UHFFFAOYSA-N,24
HUBANNPOLNYSAD-UHFFFAOYSA-N,2
HQABUPZFAYXKJW-UHFFFAOYSA-N,2
ZXDDPOHVAMWLBH-UHFFFAOYSA-N,18
LXBGSDVWAMZHDD-UHFFFAOYSA-N,1
RJGDLRCDCYRQOQ-UHFFFAOYSA-N,2
RSWGJHLUYNHPMX-ONCXSQPRSA-N,21
CJPQIRJHIZUAQP-UHFFFAOYSA-N,71
PDQAZBWRQCGBEV-UHFFFAOYSA-N,25
DXYYSGDWQCSKKO-UHFFFAOYSA-N,2
KZTYYGOKRVBIMI-UHFFFAOYSA-N,6
KEQFTVQCIQJIQW-UHFFFAOYSA-N,3
RAXXELZNTBOGNW-UHFFFAOYSA-N,12
AFBPFSWMIHJQDM-UHFFFAOYSA-N,25
ZYGHJZDHTFUPRJ-UHFFFAOYSA-N,99
BMLIZLVNXIYGCK-UHFFFAOYSA-N,41
OQMBBFQZGJFLBU-UHFFFAOYSA-N,179
MTZBBNMLMNBNJL-UHFFFAOYSA-N,73
DNTGGZPQPQTDQF-UHFFFAOYSA-N,132
XHZPRMZZQOIPDS-UHFFFAOYSA-N,43
JIIOLEGNERQDIP-UHFFFAOYSA-N,56
IWUCXVSUMQZMFG-AFCXAGJDSA-N,14
RVKCCVTVZORVGD-QXMHVHEDSA-N,106
VJYFKVYYMZPMAB-UHFFFAOYSA-N,53
KVBGVZZKJNLNJU-UHFFFAOYSA-N,32
YOYAIZYFCNQIRF-UHFFFAOYSA-N,18
MPDGHEJMBKOTSU-YKLVYJNSSA-N,379
DQCKKXVULJGBQN-XFWGSAIBSA-N,146
AHBXXEZLRFCZSF-UHFFFAOYSA-N,122
MEBQXILRKZHVCX-UHFFFAOYSA-N,26
NJKDOADNQSYQEV-UHFFFAOYSA-N,140
FUSNMLFNXJSCDI-UHFFFAOYSA-N,70
YVPYQUNUQOZFHG-UHFFFAOYSA-N,129
ZLIBICFPKPWGIZ-UHFFFAOYSA-N,152
LCCNCVORNKJIRZ-UHFFFAOYSA-N,60
CABMTIJINOIHOD-UHFFFAOYSA-N,265
YLKFDHTUAUWZPQ-UHFFFAOYSA-N,22
ZRKZFNZPJKEWPC-UHFFFAOYSA-N,50
LKJPSUCKSLORMF-UHFFFAOYSA-N,58
LKJPYSCBVHEWIU-KRWDZBQOSA-N,72
REEQLXCGVXDJSQ-UHFFFAOYSA-N,100
HRBKVYFZANMGRE-UHFFFAOYSA-N,80
MWKVXOJATACCCH-UHFFFAOYSA-N,136
SNICXCGAKADSCV-JTQLQIEISA-N,180
QCAWEPFNJXQPAN-UHFFFAOYSA-N,155
YIJZJEYQBAAWRJ-UHFFFAOYSA-N,345
MXJWRABVEGLYDG-UHFFFAOYSA-N,20
JZUFKLXOESDKRF-UHFFFAOYSA-N,187
PCCSBWNGDMYFCW-UHFFFAOYSA-N,80
PJDFLNIOAUIZSL-UHFFFAOYSA-N,36
DDBREPKUVSBGFI-UHFFFAOYSA-N,174
OYIKARCXOQLFHF-UHFFFAOYSA-N,309
QHMTXANCGGJZRX-WUXMJOGZSA-N,34
JOXIMZWYDAKGHI-UHFFFAOYSA-N,40
NUPJIGQFXCQJBK-UHFFFAOYSA-N,302
ZOCSXAVNDGMNBV-UHFFFAOYSA-N,58
UBQNRHZMVUUOMG-UHFFFAOYSA-N,42
QEVHRUUCFGRFIF-MDEJGZGSSA-N,518
IUQAXCIUEPFPSF-UHFFFAOYSA-N,179
TYZROVQLWOKYKF-ZDUSSCGKSA-N,176
LPEPZBJOKDYZAD-UHFFFAOYSA-N,25
PUFQVTATUTYEAL-UHFFFAOYSA-N,441
GMZVRMREEHBGGF-UHFFFAOYSA-N,16
CVTIZMOISGMZRJ-UHFFFAOYSA-N,26
BSYNRYMUTXBXSQ-UHFFFAOYSA-N,75
QYPNKSZPJQQLRK-UHFFFAOYSA-N,89
CJDWRQLODFKPEL-UHFFFAOYSA-N,38
XERJKGMBORTKEO-VZUCSPMQSA-N,40
POGQSBRIGCQNEG-UHFFFAOYSA-N,10
LXMSZDCAJNLERA-ZHYRCANASA-N,2
LQDARGUHUSPFNL-UHFFFAOYSA-N,81
ZOTBXTZVPHCKPN-HTXNQAPBSA-N,111
BUXRLJCGHZZYNE-UHFFFAOYSA-N,67
MZZBPDKVEFVLFF-UHFFFAOYSA-N,157
HXNFUBHNUDHIGC-UHFFFAOYSA-N,41
AMRQXHFXNZFDCH-UHFFFAOYSA-N,168
JCCBZCMSYUSCFM-UHFFFAOYSA-N,34
HCAJEUSONLESMK-UHFFFAOYSA-N,22
QLZHNIAADXEJJP-UHFFFAOYSA-N,52
MEFQWPUMEMWTJP-UHFFFAOYSA-N,104
LSQZJLSUYDQPKJ-NJBDSQKTSA-N,70
MGOHCFMYLBAPRN-UHFFFAOYSA-N,242
OELFLUMRDSZNSF-BRWVUGGUSA-N,35
RTDCJKARQCRONF-UHFFFAOYSA-N,18
CIEXPHRYOLIQQD-UHFFFAOYSA-N,21
HEFNNWSXXWATRW-JTQLQIEISA-N,41
VHFVKMTVMIZMIK-UHFFFAOYSA-N,69
IDYZIJYBMGIQMJ-UHFFFAOYSA-N,70
AAEVYOVXGOFMJO-UHFFFAOYSA-N,103
BOFQWVMAQOTZIW-UHFFFAOYSA-N,86
MEFOUWRMVYJCQC-UHFFFAOYSA-N,81
NNYBQONXHNTVIJ-UHFFFAOYSA-N,127
VDLGAVXLJYLFDH-UHFFFAOYSA-N,21
CXOFVDLJLONNDW-UHFFFAOYSA-N,16
TXCGAZHTZHNUAI-UHFFFAOYSA-N,24
WSORODGWGUUOBO-UHFFFAOYSA-N,46
UMFJAHHVKNCGLG-UHFFFAOYSA-N,6
DGAIEPBNLOQYER-UHFFFAOYSA-N,200
RKUNBYITZUJHSG-SPUOUPEWSA-N,208
YGJHZCLPZAZIHH-UHFFFAOYSA-N,16
GOCUAJYOYBLQRH-UHFFFAOYSA-N,240
WBNQDOYYEUMPFS-UHFFFAOYSA-N,12
LMVPQMGRYSRMIW-KRWDZBQOSA-N,72
RSMUVYRMZCOLBH-UHFFFAOYSA-N,104
JBMKAUGHUNFTOL-UHFFFAOYSA-N,284
YLCXGBZIZBEVPZ-UHFFFAOYSA-N,53
GHASVSINZRGABV-UHFFFAOYSA-N,42
DEDOPGXGGQYYMW-UHFFFAOYSA-N,45
DECIPOUIJURFOJ-UHFFFAOYSA-N,333
UBUCNCOMADRQHX-UHFFFAOYSA-N,19
RZCJYMOBWVJQGV-UHFFFAOYSA-N,95
AQIXAKUUQRKLND-UHFFFAOYSA-N,89
PXWUKZGIHQRDHL-UHFFFAOYSA-N,150
RZILCCPWPBTYDO-UHFFFAOYSA-N,31
ZJMZZNVGNSWOOM-UHFFFAOYSA-N,92
KGANAERDZBAECK-UHFFFAOYSA-N,21
VKYKSIONXSXAKP-UHFFFAOYSA-N,74
JWUCHKBSVLQQCO-UHFFFAOYSA-N,66
PWZDJIUQHUGFRJ-UHFFFAOYSA-N,64
WJNRPILHGGKWCK-UHFFFAOYSA-N,78
UEQUQVLFIPOEMF-UHFFFAOYSA-N,185
JXTHEWSKYLZVJC-UHFFFAOYSA-N,52
NPOJQCVWMSKXDN-UHFFFAOYSA-N,26
UGVRJVHOJNYEHR-UHFFFAOYSA-N,64
RMOGWMIKYWRTKW-UHFFFAOYSA-N,28
XQSPYNMVSIKCOC-NTSWFWBYSA-N,11
MJIHNNLFOKEZEW-UHFFFAOYSA-N,150
VBLJFQYCTRKKKF-UHFFFAOYSA-N,38
OPGCOAPTHCZZIW-UHFFFAOYSA-N,42
YKBZOVFACRVRJN-UHFFFAOYSA-N,139
KCXVZYZYPLLWCC-UHFFFAOYSA-N,46
VWPOSFSPZNDTMJ-UCWKZMIHSA-N,104
YECBIJXISLIIDS-UHFFFAOYSA-N,42
WKBPZYKAUNRMKP-UHFFFAOYSA-N,92
BXZVVICBKDXVGW-NKWVEPMBSA-N,12
AKNNEGZIBPJZJG-MSOLQXFVSA-N,529
BCQMBFHBDZVHKU-UHFFFAOYSA-N,82
RLLPVAHGXHCWKJ-UHFFFAOYSA-N,23
XAIPTRIXGHTTNT-UHFFFAOYSA-N,22
UWSDONTXWQOZFN-UHFFFAOYSA-N,15
YCMLQMDWSXFTIF-UHFFFAOYSA-N,36
HPJKCIUCZWXJDR-UHFFFAOYSA-N,104
JOHZPMXAZQZXHR-UHFFFAOYSA-N,57
IOYNQIMAUDJVEI-BMVIKAAMSA-N,179
IISBACLAFKSPIT-UHFFFAOYSA-N,25
WXNZTHHGJRFXKQ-UHFFFAOYSA-N,77
VYFYYTLLBUKUHU-UHFFFAOYSA-N,56
ONUFESLQCSAYKA-UHFFFAOYSA-N,62
JNTOCHDNEULJHD-UHFFFAOYSA-N,138
RJKCKKDSSSRYCB-UHFFFAOYSA-N,48
IWEDIXLBFLAXBO-UHFFFAOYSA-N,6
HBOMLICNUCNMMY-XLPZGREQSA-N,22
VAIZTNZGPYBOGF-UHFFFAOYSA-N,111
DWNAQMUDCDVSLT-UHFFFAOYSA-N,62
OFVLGDICTFRJMM-WESIUVDSSA-N,680
PTVWPYVOOKLBCG-UHFFFAOYSA-N,66
OMKZWUPRGQMQJC-UHFFFAOYSA-N,28
RJMUSRYZPJIFPJ-UHFFFAOYSA-N,13
NAVMQTYZDKMPEU-UHFFFAOYSA-N,152
GAUZCKBSTZFWCT-UHFFFAOYSA-N,83
KUAZQDVKQLNFPE-UHFFFAOYSA-N,37
DUFVKSUJRWYZQP-UHFFFAOYSA-N,31
MAXCWSIJKVASQC-UHFFFAOYSA-N,19
OFZCIYFFPZCNJE-UHFFFAOYSA-N,35
KVGLBTYUCJYMND-UHFFFAOYSA-N,30
DUEPRVBVGDRKAG-UHFFFAOYSA-N,22
FSCWZHGZWWDELK-UHFFFAOYSA-N,64
UCTWMZQNUQWSLP-VIFPVBQESA-N,227
QYIYFLOTGYLRGG-GPCCPHFNSA-N,73
FMGSKLZLMKYGDP-USOAJAOKSA-N,198
JIVPVXMEBJLZRO-UHFFFAOYSA-N,92
OORLZFUTLGXMEF-UHFFFAOYSA-N,141
GPXLRLUVLMHHIK-UHFFFAOYSA-N,102
CTSLUCNDVMMDHG-UHFFFAOYSA-N,49
NUFNQYOELLVIPL-UHFFFAOYSA-N,64
UWVQIROCRJWDKL-UHFFFAOYSA-N,105
WNYADZVDBIBLJJ-UHFFFAOYSA-N,13
LMNZTLDVJIUSHT-UHFFFAOYSA-N,22
IMWZZHHPURKASS-UHFFFAOYSA-N,79
BZKPWHYZMXOIDC-UHFFFAOYSA-N,50
XITQUSLLOSKDTB-UHFFFAOYSA-N,29
OGYFATSSENRIKG-UHFFFAOYSA-N,11
PHWBOXQYWZNQIN-UHFFFAOYSA-N,11
CIFWZNRJIBNXRE-UHFFFAOYSA-N,207
ITVGXXMINPYUHD-CUVHLRMHSA-N,221
NXTDJHZGHOFSQG-UHFFFAOYSA-N,3
LUKBXSAWLPMMSZ-OWOJBTEDSA-N,392
AJXPJJZHWIXJCJ-UHFFFAOYSA-N,46
UREBDLICKHMUKA-DVTGEIKXSA-N,319
ZSDSQXJSNMTJDA-UHFFFAOYSA-N,2
SMANXXCATUTDDT-QPJJXVBHSA-N,2
DMYHGDXADUDKCQ-UHFFFAOYSA-N,4
NTDQQZYCCIDJRK-UHFFFAOYSA-N,25
WXNRYSGJLQFHBR-UHFFFAOYSA-N,14
MEZZCSHVIGVWFI-UHFFFAOYSA-N,11
FXFYOPQLGGEACP-UHFFFAOYSA-N,38
CIEYTVIYYGTCCI-UHFFFAOYSA-N,34
LPMXVESGRSUGHW-HBYQJFLCSA-N,354
HCZHHEIFKROPDY-UHFFFAOYSA-N,51
PVNIIMVLHYAWGP-UHFFFAOYSA-N,67
LOUPRKONTZGTKE-NBGVHYBESA-N,110
XJHDMGJURBVLLE-BOCCBSBMSA-N,233
RRKTZKIUPZVBMF-IBTVXLQLSA-N,243
XCGYUJZMCCFSRP-UHFFFAOYSA-N,52
RTIXKCRFFJGDFG-UHFFFAOYSA-N,201
IKGXIBQEEMLURG-NVPNHPEKSA-N,156
RRAFCDWBNXTKKO-UHFFFAOYSA-N,33
ZZIKIHCNFWXKDY-GNTQXERDSA-N,180
WKSAUQYGYAYLPV-UHFFFAOYSA-N,94
QUQPHWDTPGMPEX-QJBIFVCTSA-N,298
PFTAWBLQPZVEMU-UKRRQHHQSA-N,306
BGEBZHIAGXMEMV-UHFFFAOYSA-N,404
YZRXRLLRSPQHDK-UHFFFAOYSA-N,21
LOUPRKONTZGTKE-VOMFEXJBSA-N,105
SIOXPEMLGUPBBT-UHFFFAOYSA-N,23
IKMDFBPHZNJCSN-UHFFFAOYSA-N,320
GJAWHXHKYYXBSV-UHFFFAOYSA-N,21
GZSOSUNBTXMUFQ-YFAPSIMESA-N,64
MFZWMTSUNYWVBU-UHFFFAOYSA-N,27
VMUXSMXIQBNMGZ-UHFFFAOYSA-N,20
CPJSUEIXXCENMM-UHFFFAOYSA-N,29
QXKHYNVANLEOEG-UHFFFAOYSA-N,119
WGPCZPLRVAWXPW-UHFFFAOYSA-N,55
JXDYKVIHCLTXOP-UHFFFAOYSA-N,88
YPHMISFOHDHNIV-FSZOTQKASA-N,1120
QZPQTZZNNJUOLS-UHFFFAOYSA-N,32
IFYYFLINQYPWGJ-UHFFFAOYSA-N,22
LGRFSURHDFAFJT-UHFFFAOYSA-N,13
GHBSPIPJMLAMEP-UHFFFAOYSA-N,20
PTGXAUBQBSGPKF-UHFFFAOYSA-N,511
NWPRCRWQMGIBOT-UHFFFAOYSA-N,351
XSDQTOBWRPYKKA-UHFFFAOYSA-N,763
SMNOERSLNYGGOU-UHFFFAOYSA-N,940
HMHVCUVYZFYAJI-UHFFFAOYSA-N,340
WUADCCWRTIWANL-UHFFFAOYSA-N,603
QANMHLXAZMSUEX-UHFFFAOYSA-N,100
AUVVAXYIELKVAI-CKBKHPSWSA-N,403
ONIBWKKTOPOVIA-UHFFFAOYSA-N,44
JUVIOZPCNVVQFO-HBGVWJBISA-N,385
VGEREEWJJVICBM-UHFFFAOYSA-N,15
QIVBCDIJIAJPQS-UHFFFAOYSA-N,72
VMWNQDUVQKEIOC-CYBMUJFWSA-N,71
JQXXHWHPUNPDRT-WLSIYKJHSA-N,38
SLXKOJJOQWFEFD-UHFFFAOYSA-N,84
HKQYGTCOTHHOMP-UHFFFAOYSA-N,581
XUJNEKJLAYXESH-UHFFFAOYSA-N,14
KPJZHOPZRAFDTN-ZRGWGRIASA-N,50
LKCWBDHBTVXHDL-RMDFUYIESA-N,39
MTXSIJUGVMTTMU-JTQLQIEISA-N,58
AVKUERGKIZMTKX-NJBDSQKTSA-N,48
AYFVYJQAPQTCCC-GBXIJSLDSA-N,29
INVGWHRKADIJHF-UHFFFAOYSA-N,47
DGEZNRSVGBDHLK-UHFFFAOYSA-N,33
OTBHHUPVCYLGQO-UHFFFAOYSA-N,26
MAEIEVLCKWDQJH-UHFFFAOYSA-N,150
ZFMITUMMTDLWHR-UHFFFAOYSA-N,49
DRLFMBDRBRZALE-UHFFFAOYSA-N,48
MLKXDPUZXIRXEP-MFOYZWKCSA-N,49
OYIFNHCXNCRBQI-BYPYZUCNSA-N,22
WURBVZBTWMNKQT-UHFFFAOYSA-N,112
VFQXVTODMYMSMJ-UHFFFAOYSA-N,20
FFNVQNRYTPFDDP-UHFFFAOYSA-N,15
IQFYYKKMVGJFEH-XLPZGREQSA-N,49
XUYJLQHKOGNDPB-UHFFFAOYSA-N,27
XOAAWQZATWQOTB-UHFFFAOYSA-N,17
FCCDDURTIIUXBY-UHFFFAOYSA-N,127
IMYZQPCYWPFTAG-UHFFFAOYSA-N,29
VILCJCGEZXAXTO-UHFFFAOYSA-N,22
NYPYHUZRZVSYKL-ZETCQYMHSA-N,39
AWJUIBRHMBBTKR-UHFFFAOYSA-N,13
YLJREFDVOIBQDA-UHFFFAOYSA-N,45
BLHCMGRVFXRYRN-UHFFFAOYSA-N,50
QXHHHPZILQDDPS-UHFFFAOYSA-N,8
KWIUHFFTVRNATP-UHFFFAOYSA-N,23
IENZQIKPVFGBNW-UHFFFAOYSA-N,103
WZCQRUWWHSTZEM-UHFFFAOYSA-N,19
XSEUMFJMFFMCIU-UHFFFAOYSA-N,23
QNAYBMKLOCPYGJ-UWTATZPHSA-N,7
MHWLWQUZZRMNGJ-UHFFFAOYSA-N,25
SXTAYKAGBXMACB-DPVSGNNYSA-N,22
RFDAIACWWDREDC-FRVQLJSFSA-N,31
YPZRWBKMTBYPTK-BJDJZHNGSA-N,56
RWQNBRDOKXIBIV-UHFFFAOYSA-N,45
LBTABPSJONFLPO-UHFFFAOYSA-N,39
UHDGCWIWMRVCDJ-CCXZUQQUSA-N,12
LENZDBCJOHFCAS-UHFFFAOYSA-N,36
XNSAINXGIQZQOO-SRVKXCTJSA-N,40
IBOFVQJTBBUKMU-UHFFFAOYSA-N,51
PZRHRDRVRGEVNW-UHFFFAOYSA-N,208
KSCFJBIXMNOVSH-UHFFFAOYSA-N,63
NWBJYWHLCVSVIJ-UHFFFAOYSA-N,20
WXNXCEHXYPACJF-ZETCQYMHSA-N,53
WREGKURFCTUGRC-POYBYMJQSA-N,19
FZERHIULMFGESH-UHFFFAOYSA-N,50
UJOBWOGCFQCDNV-UHFFFAOYSA-N,80
ROSDSFDQCJNGOL-UHFFFAOYSA-N,64
VSNHCAURESNICA-UHFFFAOYSA-N,12
ODHCTXKNWHHXJC-VKHMYHEASA-N,65
FJLBFSROUSIWMA-UHFFFAOYSA-N,20
QRXWMOHMRWLFEY-UHFFFAOYSA-N,21
RFMMMVDNIPUKGG-YFKPBYRVSA-N,15
UQTZMGFTRHFAAM-ZETCQYMHSA-N,67
GSEJCLTVZPLZKY-UHFFFAOYSA-N,33
LPLVUJXQOOQHMX-QWBHMCJMSA-N,24
FOYHNROGBXVLLX-UHFFFAOYSA-N,45
LXNHXLLTXMVWPM-UHFFFAOYSA-N,33
JTEDVYBZBROSJT-UHFFFAOYSA-N,117
BZQFBWGGLXLEPQ-REOHCLBHSA-N,35
ZBCBWPMODOFKDW-UHFFFAOYSA-N,33
JRWZLRBJNMZMFE-UHFFFAOYSA-N,48
ADVPTQAUNPRNPO-REOHCLBHSA-N,89
JLTDJTHDQAWBAV-UHFFFAOYSA-N,16
SFLSHLFXELFNJZ-QMMMGPOBSA-N,67
MRWXACSTFXYYMV-FDDDBJFASA-N,8
PIJVFDBKTWXHHD-HIFRSBDPSA-N,326
HDFGOPSGAURCEO-UHFFFAOYSA-N,30
FDGQSTZJBFJUBT-UHFFFAOYSA-N,9
QZVCTJOXCFMACW-UHFFFAOYSA-N,28
JKOQGQFVAUAYPM-UHFFFAOYSA-N,46
ASNFTDCKZKHJSW-REOHCLBHSA-N,84
KPYSYYIEGFHWSV-UHFFFAOYSA-N,65
QYSPLQLAKJAUJT-UHFFFAOYSA-N,60
BKAWJIRCKVUVED-UHFFFAOYSA-N,38
IRSCQMHQWWYFCW-UHFFFAOYSA-N,53
BLJRIMJGRPQVNF-JTQLQIEISA-N,27
ALYNCZNDIQEVRV-UHFFFAOYSA-N,29
TWBYWOBDOCUKOW-UHFFFAOYSA-N,35
UBQKCCHYAOITMY-UHFFFAOYSA-N,12
ZDXPYRJPNDTMRX-GSVOUGTGSA-N,9
CZZZABOKJQXEBO-UHFFFAOYSA-N,26
GLUUGHFHXGJENI-UHFFFAOYSA-N,13
VVIUBCNYACGLLV-UHFFFAOYSA-N,23
RADKZDMFGJYCBB-UHFFFAOYSA-N,38
IPEHBUMCGVEMRF-UHFFFAOYSA-N,27
AUYYCJSJGJYCDS-LBPRGKRZSA-N,31
GDLBFKVLRPITMI-UHFFFAOYSA-N,48
BTCSSZJGUNDROE-UHFFFAOYSA-N,27
CMWTZPSULFXXJA-VIFPVBQESA-N,1
SAIKULLUBZKPDA-UHFFFAOYSA-N,8
ULHFFAFDSSHFDA-UHFFFAOYSA-N,9
WXWCDTXEKCVRRO-UHFFFAOYSA-N,32
WKBALTUBRZPIPZ-UHFFFAOYSA-N,18
RXCPQSJAVKGONC-UHFFFAOYSA-N,61
OKISUZLXOYGIFP-UHFFFAOYSA-N,6
FFCCBBNQPIMUJI-UHFFFAOYSA-N,14
GJJSUPSPZIZYPM-UHFFFAOYSA-N,47
WPPOGHDFAVQKLN-UHFFFAOYSA-N,25
JBCUKQQIWSWEOK-UHFFFAOYSA-N,52
IMPPGHMHELILKG-UHFFFAOYSA-N,6
PZIMIYVOZBTARW-UHFFFAOYSA-N,6
XTJFFFGAUHQWII-UHFFFAOYSA-N,11
YPLYFEUBZLLLIY-UHFFFAOYSA-N,15
CCRCUPLGCSFEDV-UHFFFAOYSA-N,9
OMNKZBIFPJNNIO-UHFFFAOYSA-N,41
BACYUWVYYTXETD-UHFFFAOYSA-N,43
LUBJCRLGQSPQNN-UHFFFAOYSA-N,28
UAIUNKRWKOVEES-UHFFFAOYSA-N,21
DIOYAVUHUXAUPX-KHPPLWFESA-N,49
GPNAVOJCQIEKQF-UHFFFAOYSA-N,23
BHAAPTBBJKJZER-UHFFFAOYSA-N,79
UWFYSQMTEOIJJG-FDTZYFLXSA-N,463
SZWKGOZKRMMLAJ-UHFFFAOYSA-N,94
WYWHKKSPHMUBEB-UHFFFAOYSA-N,30
AFIIBUOYKYSPKB-UHFFFAOYSA-N,76
OMSPUVWUIHNYCS-UHFFFAOYSA-N,45
SCABKEBYDRTODC-UHFFFAOYSA-N,89
ZZYSLNWGKKDOML-UHFFFAOYSA-N,49
MVQUJEUCFOGFJU-UHFFFAOYSA-N,56
ZQDWXGKKHFNSQK-UHFFFAOYSA-N,14
SYJGKVOENHZYMQ-UHFFFAOYSA-N,183
FQEBOQLYHASAOY-UHFFFAOYSA-N,27
FTLQSQQQFMZPKO-UHFFFAOYSA-N,56
MBIZFBDREVRUHY-UHFFFAOYSA-N,30
JHWNWJKBPDFINM-UHFFFAOYSA-N,53
VDTNNGKXZGSZIP-UHFFFAOYSA-N,37
SDMSCIWHRZJSRN-UHFFFAOYSA-N,64
OSUHJPCHFDQAIT-UHFFFAOYSA-N,135
YPACMOORZSDQDQ-UHFFFAOYSA-N,88
HGBGXSPIBLZGHS-SJCJKPOMSA-N,24
RQUXYBHREKXNKT-UHFFFAOYSA-N,22
BEOZJBLIRPRMJM-UHFFFAOYSA-N,127
HXTGXYRHXAGCFP-OAQYLSRUSA-N,36
XRHGWAGWAHHFLF-UHFFFAOYSA-N,30
JJJPNTQYUJPWGQ-UHFFFAOYSA-N,24
OEMJXSVJXPIFMA-UHFFFAOYSA-N,82
CNKHSLKYRMDDNQ-UHFFFAOYSA-N,23
ZWJNEYVWPYIKMB-UHFFFAOYSA-N,32
WUZNHSBFPPFULJ-UHFFFAOYSA-N,66
PRUGWHGQBHEDAX-QXONSOMPSA-N,82
KNDQHSIWLOJIGP-UHFFFAOYSA-N,24
XGXOSJSGDNPEEF-NRFANRHFSA-N,27
AMEKQAFGQBKLKX-UHFFFAOYSA-N,29
XVOKUMIPKHGGTN-UHFFFAOYSA-N,83
KRNUKKZDGDAWBF-UHFFFAOYSA-N,45
WYWZRNAHINYAEF-UHFFFAOYSA-N,18
SNHRLVCMMWUAJD-SUYDQAKGSA-N,354
LIAWQASKBFCRNR-UHFFFAOYSA-N,25
WTOYNNBCKUYIKC-JMSVASOKSA-N,158
IBXPYPUJPLLOIN-UHFFFAOYSA-N,37
BPXVHIRIPLPOPT-UHFFFAOYSA-N,20
ZLCUIOWQYBYEBG-UHFFFAOYSA-N,65
ISRUGXGCCGIOQO-UHFFFAOYSA-N,27
RQDJADAKIFFEKQ-UHFFFAOYSA-N,24
VYBKAZXQKUFAHG-UHFFFAOYSA-N,23
ONWXNHPOAGOMTG-UHFFFAOYSA-N,110
MTMKZABGIQJAEX-UHFFFAOYSA-N,61
GGLIEWRLXDLBBF-UHFFFAOYSA-N,42
DTAPQAJKAFRNJB-UHFFFAOYSA-N,23
FBOUIAKEJMZPQG-AWNIVKPZSA-N,11
HSHNITRMYYLLCV-UHFFFAOYSA-N,137
UHBUSMAHWHZQKS-UHFFFAOYSA-N,47
GCAOVMKRBUCSET-UHFFFAOYSA-N,20
NKFNBVMJTSYZDV-UHFFFAOYSA-N,35
GOJCZVPJCKEBQV-UHFFFAOYSA-N,27
RXLOZRCLQMJJLC-UHFFFAOYSA-N,58
GNOIPBMMFNIUFM-UHFFFAOYSA-N,13
XBZBRCVCSVLJJZ-UHFFFAOYSA-N,41
KCIDXSZMKJKCSV-UHFFFAOYSA-N,39
OBZIQQJJIKNWNO-UHFFFAOYSA-N,48
GVDRRZOORHCTAN-MJUUVYJYSA-N,55
HKPHPIREJKHECO-UHFFFAOYSA-N,38
NJPQAIBZIHNJDO-UHFFFAOYSA-N,16
PKOFBDHYTMYVGJ-UHFFFAOYSA-N,39
FWQYJOPJMIEKHZ-UHFFFAOYSA-N,22
OXEUETBFKVCRNP-UHFFFAOYSA-N,29
OUGIDAPQYNCXRA-UHFFFAOYSA-N,32
GNBHRKFJIUUOQI-UHFFFAOYSA-N,61
JWAZRIHNYRIHIV-UHFFFAOYSA-N,29
RAVIZVQZGXBOQO-UHFFFAOYSA-N,26
JNELGWHKGNBSMD-UHFFFAOYSA-N,18
GZVHEAJQGPRDLQ-UHFFFAOYSA-N,19
IPKKHRVROFYTEK-UHFFFAOYSA-N,29
CMEWLCATCRTSGF-UHFFFAOYSA-N,33
ZDKIAVFEUPUCMR-UHFFFAOYSA-N,78
AQSQFWLMFCKKMG-UHFFFAOYSA-N,16
VKHAHZOOUSRJNA-GCNJZUOMSA-N,306
VHHGUBHZBLPTKL-UHFFFAOYSA-N,23
NEBPTMCRLHKPOB-UHFFFAOYSA-N,16
JUVSRZCUMWZBFK-UHFFFAOYSA-N,40
XDOTVMNBCQVZKG-MKICQXMISA-N,21
BJELTSYBAHKXRW-UHFFFAOYSA-N,67
YVUQSNJEYSNKRX-UHFFFAOYSA-N,53
HEZNVIYQEUHLNI-UHFFFAOYSA-N,78
FXKFFTMLFPWYFH-RDGPPVDQSA-N,95
XDNBJTQLKCIJBV-UHFFFAOYSA-N,88
AHSGHEXYEABOKT-UHFFFAOYSA-N,3
TWPMMLHBHPYSMT-UHFFFAOYSA-N,36
HSUIVCLOAAJSRE-UHFFFAOYSA-N,5
YFNCATAIYKQPOO-UHFFFAOYSA-N,48
QZXATCCPQKOEIH-UHFFFAOYSA-N,50
YLDDCEXDGNXCIO-UHFFFAOYSA-N,40
STMIIPIFODONDC-UHFFFAOYSA-N,13
PNRAZZZISDRWMV-UHFFFAOYSA-N,18
XPAZGLFMMUODDK-UHFFFAOYSA-N,19
APTZNLHMIGJTEW-UHFFFAOYSA-N,123
XOGPDSATLSAZEK-UHFFFAOYSA-N,47
CNIGFESSDPOCKS-CYBMUJFWSA-N,20
YVIXXPCJZAUQHJ-UHFFFAOYSA-N,40
RRVIAQKBTUQODI-UHFFFAOYSA-N,20
MMCJEAKINANSOL-UHFFFAOYSA-N,23
YGUFQYGSBVXPMC-UHFFFAOYSA-N,25
GMBRUAIJEFRHFQ-UHFFFAOYSA-N,56
FQNKTJPBXAZUGC-UHFFFAOYSA-N,109
NBNTWDUNCHRWMT-UHFFFAOYSA-N,23
JNRLEMMIVRBKJE-UHFFFAOYSA-N,40
HFCYZXMHUIHAQI-UHFFFAOYSA-N,52
KQSABULTKYLFEV-UHFFFAOYSA-N,31
MROJXXOCABQVEF-UHFFFAOYSA-N,11
FFHQNQNMELQOEF-UHFFFAOYSA-N,24
JLFNLZLINWHATN-UHFFFAOYSA-N,10
ZBBHBTPTTSWHBA-UHFFFAOYSA-N,42
ZTENZJJCFACIAK-ADWVOTLJSA-N,76
CNWSQCLBDWYLAN-UHFFFAOYSA-N,24
NXJCRELRQHZBQA-UHFFFAOYSA-N,99
WCCIEZDFRJREQJ-UHFFFAOYSA-N,40
KFFQABQEJATQAT-UHFFFAOYSA-N,22
QWGDMFLQWFTERH-UHFFFAOYSA-N,28
PJEIIBXJUDOMAN-UHFFFAOYSA-N,17
CJCSPKMFHVPWAR-JTQLQIEISA-N,52
HBBVCKCCQCQCTJ-UHFFFAOYSA-N,160
PTOAARAWEBMLNO-KVQBGUIXSA-N,32
ZOXBWJMCXHTKNU-UHFFFAOYSA-N,30
LJOZMWRYMKECFF-UHFFFAOYSA-N,28
NJGBTKGETPDVIK-UHFFFAOYSA-N,31
FTSXVYQZLNPTCM-UHFFFAOYSA-N,4
FMKMKBLHMONXJM-UHFFFAOYSA-N,41
LAKWINYVWJPHQW-UHFFFAOYSA-N,32
QAHFOPIILNICLA-UHFFFAOYSA-N,23
SZRPDCCEHVWOJX-UHFFFAOYSA-N,76
DNRJTBAOUJJKDY-UHFFFAOYSA-N,44
ZIWFCOIGUNPHPM-HKUYNNGSSA-N,53
SPNQRCTZKIBOAX-UHFFFAOYSA-N,51
CFOYWRHIYXMDOT-UHFFFAOYSA-N,31
KNHGNICBXADRMC-UHFFFAOYSA-N,336
JRBPAEWTRLWTQC-UHFFFAOYSA-N,23
RXPRRQLKFXBCSJ-GIVPXCGWSA-N,778
GYSSRZJIHXQEHQ-UHFFFAOYSA-N,25
MLKCGVHIFJBRCD-UHFFFAOYSA-N,120
LUVXHMJTVXZFPD-ZDUSSCGKSA-N,53
PXWNBAGCFUDYBE-UHFFFAOYSA-N,45
TZBPRYIIJAJUOY-UHFFFAOYSA-N,80
VZRKEAFHFMSHCD-UHFFFAOYSA-N,20
IQVNEKKDSLOHHK-FNCQTZNRSA-N,65
ZCJPOPBZHLUFHF-UHFFFAOYSA-N,63
TWMFGCHRALXDAR-UHFFFAOYSA-N,43
QULLOTSYPAOTIW-OAHLLOKOSA-N,53
UACOXBQBNWQWOK-UHFFFAOYSA-N,27
JBDHZKLJNAIJNC-LLVKDONJSA-N,50
FUSYFEXGXRDJNB-KWQFWETISA-N,25
MAUFTTLGOUBZNA-UHFFFAOYSA-N,72
CGSLYBDCEGBZCG-UHFFFAOYSA-N,31
GRPURDFRFHUDSP-UHFFFAOYSA-N,4
BQGRVFPPZJPWPB-UHFFFAOYSA-N,15
PCZLQMGFNUNVOM-UHFFFAOYSA-N,75
CXXVJZRGOOIVOD-SANMLTNESA-N,83
ZUBPKHVCBGWWGO-NDEPHWFRSA-N,19
VGZSUPCWNCWDAN-UHFFFAOYSA-N,117
SJDACOMXKWHBOW-UHFFFAOYSA-N,35
VUNOFAIHSALQQH-UHFFFAOYSA-N,56
CLSVJBIHYWPGQY-GGYDESQDSA-N,87
STUSTWKEFDQFFZ-UHFFFAOYSA-N,14
QNXAVFXEJCPCJO-UHFFFAOYSA-N,21
LWRBVKNFOYUCNP-UHFFFAOYSA-N,56
LMEKQMALGUDUQG-UHFFFAOYSA-N,160
JCICIFOYVSPMHG-UHFFFAOYSA-N,39
MWYHLEQJTQJHSS-UHFFFAOYSA-N,121
AQYMRQUYPFCXDM-UHFFFAOYSA-N,8
DOMWKUIIPQCAJU-LJHIYBGHSA-N,187
PTCGDEVVHUXTMP-UHFFFAOYSA-N,28
WMYINDVYGQKYMI-UHFFFAOYSA-N,55
VEENJGZXVHKXNB-VOTSOKGWSA-N,29
WONHLSYSHMRRGO-UHFFFAOYSA-N,22
XKNKHVGWJDPIRJ-UHFFFAOYSA-N,34
QHTQREMOGMZHJV-UHFFFAOYSA-N,7
PZIRJMYRYORVIT-UHFFFAOYSA-N,32
DIZKGJLRHOCMTP-UHFFFAOYSA-N,26
AKNQMEBLVAMSNZ-UHFFFAOYSA-N,15
DNUAYCRATWAJQE-UHFFFAOYSA-N,301
NWIVYGKSHSJHEF-UHFFFAOYSA-N,43
PFRYFZZSECNQOL-UHFFFAOYSA-N,51
BOFHKBLZOYVHSI-UHFFFAOYSA-N,33
MESJRHHDBDCQTH-UHFFFAOYSA-N,14
HWVNEWGKWRGSRK-UHFFFAOYSA-N,42
IXSZQYVWNJNRAL-UHFFFAOYSA-N,24
KDGDTPNBDMVKHC-XIAWMOHYSA-N,87
WJZSZXCWMATYFX-UHFFFAOYSA-N,15
SLDQOBRACOQXGE-UHFFFAOYSA-N,49
BEGLCMHJXHIJLR-UHFFFAOYSA-N,22
OVEMTTZEBOCJDV-UHFFFAOYSA-N,27
PDMMFKSKQVNJMI-BLQWBTBKSA-N,70
PZYDAVFRVJXFHS-UHFFFAOYSA-N,20
DJDSLBVSSOQSLW-UHFFFAOYSA-N,15
QXWJDGMLSMFETH-FNORWQNLSA-N,25
YJFCKXVXEKHSEC-UHFFFAOYSA-N,21
AEOCXXJPGCBFJA-UHFFFAOYSA-N,27
POZRVZJJTULAOH-LHZXLZLDSA-N,302
GYHPTPQZVBYHLC-UHFFFAOYSA-N,17
KCXZNSGUUQJJTR-UHFFFAOYSA-N,15
ALKYHXVLJMQRLQ-UHFFFAOYSA-N,29
SAPGTCDSBGMXCD-UHFFFAOYSA-N,62
NWUWYYSKZYIQAE-WMCAAGNKSA-N,36
OCSHTBUKRNOLMC-UHFFFAOYSA-N,44
QMGVPVSNSZLJIA-FVWCLLPLSA-N,445
IYAZLDLPUNDVAG-UHFFFAOYSA-N,51
AMFGTOFWMRQMEM-UHFFFAOYSA-N,39
MGWAVDBGNNKXQV-UHFFFAOYSA-N,32
VEMKTZHHVJILDY-UHFFFAOYSA-N,102
SWAJJKROCOJICG-UHFFFAOYSA-N,48
VTWQUFUBSCXPOW-UHFFFAOYSA-N,43
LLEMOWNGBBNAJR-UHFFFAOYSA-N,38
KLGMSAOQDHLCOS-UHFFFAOYSA-N,37
ZTWZVMIYIIVABD-OEMFJLHTSA-N,89
ZBRHTUMWSDPCMI-UHFFFAOYSA-N,46
XEANIURBPHCHMG-SWLSCSKDSA-N,42
UDKABVSQKJNZBH-DWNQPYOZSA-N,182
JLRGJRBPOGGCBT-UHFFFAOYSA-N,36
NHOWDZOIZKMVAI-UHFFFAOYSA-N,83
YKVIWISPFDZYOW-UHFFFAOYSA-N,26
RDBIYWSVMRVKSG-UHFFFAOYSA-N,8
HMXDWDSNPRNUKI-UHFFFAOYSA-N,169
CTJBHIROCMPUKL-WEVVVXLNSA-N,39
HUTDUHSNJYTCAR-UHFFFAOYSA-N,37
KZHGPDSVHSDCMX-UHFFFAOYSA-N,16
UVLBAPBHAHFJSY-UHFFFAOYSA-N,121
KYFWUBJMTHVBIF-QFIPXVFZSA-N,21
BDNFQGRSKSQXRI-XMMPIXPASA-N,31
YWBVHLJPRPCRSD-UHFFFAOYSA-N,83
IGLVCWPPISIXPR-UHFFFAOYSA-N,11
GZGZVOLBULPDFD-UHFFFAOYSA-N,55
DJRKHTCUXRGYEU-UHFFFAOYSA-N,26
LGBYJXBCVZKJBL-UHFFFAOYSA-N,41
FFSSWMQPCJRCRV-UHFFFAOYSA-N,28
YRRKLBAKDXSTNC-WEVVVXLNSA-N,55
RRNIZKPFKNDSRS-UHFFFAOYSA-N,30
NWWZPOKUUAIXIW-UHFFFAOYSA-N,56
AEKQMJRJRAHOAP-CYBMUJFWSA-N,39
JBIJLHTVPXGSAM-UHFFFAOYSA-N,24
NHKWRRHZTGQJMT-UHFFFAOYSA-N,63
AXTGDCSMTYGJND-UHFFFAOYSA-N,44
DRZXDZYWZSKFDL-UHFFFAOYSA-N,23
BGRWYRAHAFMIBJ-UHFFFAOYSA-N,23
RCLXAPJEFHPYEG-ZWKOTPCHSA-N,48
XUFQPHANEAPEMJ-UHFFFAOYSA-N,33
OUDSBRTVNLOZBN-UHFFFAOYSA-N,86
BWHOZHOGCMHOBV-BQYQJAHWSA-N,219
IOUNQDKNJZEDEP-UHFFFAOYSA-N,109
QUAMTGJKVDWJEQ-UHFFFAOYSA-N,202
NHZLNPMOSADWGC-UHFFFAOYSA-N,38
CPHJEACXPATRSU-UHFFFAOYSA-N,35
IPEHSCPRVOWQFQ-UHFFFAOYSA-N,38
POFWRMVFWIJXHP-UHFFFAOYSA-N,11
AWXQYTLSBPWDMJ-UHFFFAOYSA-N,97
JJAPPCJXQFKMJL-UHFFFAOYSA-N,318
KVJXBPDAXMEYOA-CXANFOAXSA-N,59
FCBQJNCAKZSIAH-UHFFFAOYSA-N,56
WECDUOXQLAIPQW-UHFFFAOYSA-N,27
KAJICSGLHKRDLN-UHFFFAOYSA-N,27
YTRMTPPVNRALON-UHFFFAOYSA-N,34
GWLFIMOOGVXSMZ-UHFFFAOYSA-N,23
VEMKTZHHVJILDY-UXHICEINSA-N,101
BBXXLROWFHWFQY-UHFFFAOYSA-N,51
AWYOMXWDGWUJHS-UHFFFAOYSA-N,30
MCJGNVYPOGVAJF-UHFFFAOYSA-N,8
HBPDKDSFLXWOAE-UHFFFAOYSA-N,33
ZZCHHVUQYRMYLW-HKBQPEDESA-N,44
ULSLJYXHZDTLQK-UHFFFAOYSA-N,36
IAJNXBNRYMEYAZ-UHFFFAOYSA-N,46
PRLVTUNWOQKEAI-UHFFFAOYSA-N,29
OIJHFHYPXWSVPF-UHFFFAOYSA-N,18
WDRGQGLIUAMOOC-UHFFFAOYSA-N,11
CLKZWXHKFXZIMA-UHFFFAOYSA-N,24
FULZLIGZKMKICU-UHFFFAOYSA-N,38
RDCAZFAKCIEASQ-UHFFFAOYSA-N,27
QIWQQMZFTOCFGF-UHFFFAOYSA-N,51
ILBONRFSLATCRE-UHFFFAOYSA-N,28
NXQMCAOPTPLPRL-UHFFFAOYSA-N,26
DGFVZQGXKQCQGK-UHFFFAOYSA-N,32
IITCWRFYJWUUPC-UHFFFAOYSA-N,30
PZBLUWVMZMXIKZ-UHFFFAOYSA-N,37
BLFZMXOCPASACY-UHFFFAOYSA-N,16
AQIIVEISJBBUCR-UHFFFAOYSA-N,26
VHEWQRWLIDWRMR-UHFFFAOYSA-N,4
JTEGQNOMFQHVDC-RQJHMYQMSA-N,20
FBMQNRKSAWNXBT-UHFFFAOYSA-N,49
POPFMWWJOGLOIF-XWCQMRHXSA-N,239
IRJQWZWMQCVOLA-DNTJNYDQSA-N,88
UBCKGWBNUIFUST-YHYXMXQVSA-N,19
OJPDDQSCZGTACX-UHFFFAOYSA-N,45
FTEQMUXMWCGJAF-GRYCIOLGSA-N,155
ZJJXGWJIGJFDTL-UHFFFAOYSA-N,93
DGFTWBUZRHAHTH-UHFFFAOYSA-N,25
QTYCMDBMOLSEAM-UHFFFAOYSA-N,12
NJDBZBVQIMZWPP-SFHVURJKSA-N,26
WDQFELCEOPFLCZ-UHFFFAOYSA-N,28
RECCURWJDVZHIH-UHFFFAOYSA-N,22
QJACRCAPQIYMIH-UHFFFAOYSA-N,8
YPEWWOUWRRQBAX-UHFFFAOYSA-N,23
XXPANQJNYNUNES-UHFFFAOYSA-N,70
BYYMILHAKOURNM-UHFFFAOYSA-N,71
KJCVRFUGPWSIIH-UHFFFAOYSA-N,30
LTPSRQRIPCVMKQ-UHFFFAOYSA-N,6
WKEDVNSFRWHDNR-UHFFFAOYSA-N,4
DJNZZLZKAXGMMC-UHFFFAOYSA-N,34
NVGOPFQZYCNLDU-UHFFFAOYSA-N,123
PVSGXWMWNRGTKE-UHFFFAOYSA-N,78
NJXZWIIMWNEOGJ-WEWKHQNJSA-N,71
YNVKAENVJKEMOU-UHFFFAOYSA-N,83
IKVXBIIHQGXQRQ-UHFFFAOYSA-N,17
IKYICRRUVNIHPP-UHFFFAOYSA-N,41
OWNAXTAAAQTBSP-UHFFFAOYSA-N,10
HTRVALPKPVGOSZ-UHFFFAOYSA-N,6
LMTIGABGABPAGU-UHFFFAOYSA-N,42
YREQHYQNNWYQCJ-UHFFFAOYSA-N,309
KAJJGOCSAXKXBD-UHFFFAOYSA-N,38
COYBRKAVBMYYSF-UHFFFAOYSA-N,38
QWCRAEMEVRGPNT-UHFFFAOYSA-N,100
GXPHKUHSUJUWKP-UHFFFAOYSA-N,40
NEKOXWSIMFDGMA-UHFFFAOYSA-N,277
NIBCDDKWFDEBEP-UHFFFAOYSA-N,62
JAEZSIYNWDWMMN-UHFFFAOYSA-N,16
VAIZTNZGPYBOGF-CYBMUJFWSA-N,59
SBNFWQZLDJGRLK-UHFFFAOYSA-N,12
JISACBWYRJHSMG-UHFFFAOYSA-N,8
QAYICIQNSGETAS-UHFFFAOYSA-N,8
NLYNUTMZTCLNOO-UHFFFAOYSA-N,22
OPTASPLRGRRNAP-UHFFFAOYSA-N,2
POJWUDADGALRAB-UHFFFAOYSA-N,2
QUNWUDVFRNGTCO-UHFFFAOYSA-N,9
GUBGYTABKSRVRQ-DCSYEGIMSA-N,8
COLNVLDHVKWLRT-UHFFFAOYSA-N,18
FBPFZTCFMRRESA-KVTDHHQDSA-N,9
FBPFZTCFMRRESA-JGWLITMVSA-N,5
KBPHJBAIARWVSC-RGZFRNHPSA-N,219
JKQXZKUSFCKOGQ-QAYBQHTQSA-N,454
OAIJSZIZWZSQBC-GYZMGTAESA-N,298
KUBCEEMXQZUPDQ-UHFFFAOYSA-N,137
AFHJQYHRLPMKHU-OSYMLPPYSA-N,225
GPLGAQQQNWMVMM-MYAJQUOBSA-N,806
ATEFPOUAMCWAQS-UHFFFAOYSA-N,462
QVCMHGGNRFRMAD-XFGHUUIASA-N,536
ZRJBHWIHUMBLCN-YQEJDHNASA-N,245
XFSBVAOIAHNAPC-XTHSEXKGSA-N,232
SLRCCWJSBJZJBV-ZQDZILKHSA-N,122
BLGXFZZNTVWLAY-SCYLSFHTSA-N,81
LTMHDMANZUZIPE-PUGKRICDSA-N,10
OLOOJGVNMBJLLR-UHFFFAOYSA-N,99
GFFGJBXGBJISGV-UHFFFAOYSA-N,47
XBPCUCUWBYBCDP-UHFFFAOYSA-N,53
QCHFTSOMWOSFHM-WPRPVWTQSA-N,129
RCINICONZNJXQF-MZXODVADSA-N,2
DWONJCNDULPHLV-HOTGVXAUSA-N,144
JZUTXVTYJDCMDU-MOPGFXCFSA-N,458
VLSMHEGGTFMBBZ-OOZYFLPDSA-N,146
DXDRHHKMWQZJHT-FPYGCLRLSA-N,115
ATLJNLYIJOCWJE-CWMZOUAVSA-N,439
VHXNKPBCCMUMSW-FQEVSTJZSA-N,225
ISAKRJDGNUQOIC-UHFFFAOYSA-N,3
CTSPAMFJBXKSOY-UHFFFAOYSA-N,58
YJGVMLPVUAXIQN-XVVDYKMHSA-N,454
LNTHITQWFMADLM-UHFFFAOYSA-N,113
YDQWDHRMZQUTBA-UHFFFAOYSA-N,197
NDNUANOUGZGEPO-UHFFFAOYSA-N,22
ZMXDDKWLCZADIW-UHFFFAOYSA-N,2
BDJRBEYXGGNYIS-UHFFFAOYSA-N,7
LOIYMIARKYCTBW-OWOJBTEDSA-N,5
SIKJAQJRHWYJAI-UHFFFAOYSA-N,2
FQTLCLSUCSAZDY-KAMYIIQDSA-N,6
BMVXCPBXGZKUPN-UHFFFAOYSA-N,6
GZPHSAQLYPIAIN-UHFFFAOYSA-N,4
UDMBCSSLTHHNCD-KQYNXXCUSA-N,4
IVOMOUWHDPKRLL-KQYNXXCUSA-N,6
KJPRLNWUNMBNBZ-QPJJXVBHSA-N,9
PXQPEWDEAKTCGB-UHFFFAOYSA-N,7
DSBIJCMXAIKKKI-UHFFFAOYSA-N,8
ZZIALNLLNHEQPJ-UHFFFAOYSA-N,5
XJQPQKLURWNAAH-UHFFFAOYSA-N,8
BTJIUGUIPKRLHP-UHFFFAOYSA-N,5
MECHNRXZTMCUDQ-RKHKHRCZSA-N,10
XHCADAYNFIFUHF-TVKJYDDYSA-N,4
MBDOYVRWFFCFHM-SNAWJCMRSA-N,2
BWLBGMIXKSTLSX-UHFFFAOYSA-N,1
YKPUWZUDDOIDPM-SOFGYWHQSA-N,9
ODJQKYXPKWQWNK-UHFFFAOYSA-N,13
ASUTZQLVASHGKV-JDFRZJQESA-N,229
BBNQQADTFFCFGB-UHFFFAOYSA-N,140
AFSDNFLWKVMVRB-UHFFFAOYSA-N,135
ZESRJSPZRDMNHY-YFWFAHHUSA-N,120
DEQITUUQPICUMR-HJPBWRTMSA-N,114
XREUEWVEMYWFFA-CSKJXFQVSA-N,181
CXQWRCVTCMQVQX-UHFFFAOYSA-N,357
NNJPGOLRFBJNIW-HNNXBMFYSA-N,525
HCZKYJDFEPMADG-UHFFFAOYSA-N,132
JZUTXVTYJDCMDU-RBUKOAKNSA-N,168
ABLACSIRCKEUOB-UHFFFAOYSA-N,69
GNXFOGHNGIVQEH-UHFFFAOYSA-N,383
JLGLQAWTXXGVEM-UHFFFAOYSA-N,32
RGLYKWWBQGJZGM-ISLYRVAYSA-N,98
OHPZPBNDOVQJMH-UHFFFAOYSA-N,11
UJVLDDZCTMKXJK-WNHSNXHDSA-N,92
OAYXUHPQHDHDDZ-UHFFFAOYSA-N,28
RNVCVTLRINQCPJ-UHFFFAOYSA-N,4
NPPQSCRMBWNHMW-UHFFFAOYSA-N,18
LKYQLAWMNBFNJT-UHFFFAOYSA-N,15
HYWYRSMBCFDLJT-UHFFFAOYSA-N,38
KLBQZWRITKRQQV-UHFFFAOYSA-N,22
OFPXSFXSNFPTHF-UHFFFAOYSA-N,16
KEEYRKYKLYARHO-UHFFFAOYSA-N,43
NPAGDVCDWIYMMC-IZPLOLCNSA-N,114
GUGOEEXESWIERI-UHFFFAOYSA-N,56
GIIZNNXWQWCKIB-UHFFFAOYSA-N,52
IPVQLZZIHOAWMC-QXKUPLGCSA-N,21
BTFMCMVEUCGQDX-UHFFFAOYSA-N,26
NWIUTZDMDHAVTP-UHFFFAOYSA-N,110
LDCYZAJDBXYCGN-VIFPVBQESA-N,45
BLGXFZZNTVWLAY-DIRVCLHFSA-N,13
SFBODOKJTYAUCM-UHFFFAOYSA-N,19
VZTUIEROBZXUFA-UHFFFAOYSA-N,14
SHIBSTMRCDJXLN-KCZCNTNESA-N,13
SNPLKNRPJHDVJA-UHFFFAOYSA-N,7
FCDLCPWAQCPTKC-UHFFFAOYSA-N,2
JEDYYFXHPAIBGR-UHFFFAOYSA-N,9
VNKBTWQZTQIWDV-UHFFFAOYSA-N,13
HOKKPVIRMVDYPB-UVTDQMKNSA-N,18
YTOPFCCWCSOHFV-UHFFFAOYSA-N,32
BIKACRYIQSLICJ-UHFFFAOYSA-N,35
