,Frequency,num_peaks,sum_all_matches,sum_all_cosine
GOJCZVPJCKEBQV-UHFFFAOYSA-N,6,27,831,16.925450927952742
YHMYGUUIMTVXNW-UHFFFAOYSA-N,6,19,621,15.145294388072344
ZQEIXNIJLIKNTD-UHFFFAOYSA-N,6,63,1696,19.389042647597698
RXLOZRCLQMJJLC-UHFFFAOYSA-N,6,58,910,12.884341573462162
GNOIPBMMFNIUFM-UHFFFAOYSA-N,6,13,64,1.6939260530143707
YWTYJOPNNQFBPC-UHFFFAOYSA-N,4,86,1301,12.408373295533714
XBZBRCVCSVLJJZ-UHFFFAOYSA-N,6,41,301,4.154580597016554
KCIDXSZMKJKCSV-UHFFFAOYSA-N,6,39,353,4.839872231936589
WMBWREPUVVBILR-WIYYLYMNSA-N,3,12,111,3.3640723453028687
OBZIQQJJIKNWNO-UHFFFAOYSA-N,5,48,796,7.9524031853880635
GVDRRZOORHCTAN-MJUUVYJYSA-N,6,55,1290,14.69814682634458
JWYUFVNJZUSCSM-UHFFFAOYSA-N,6,16,608,14.029999080713354
GGLIEWRLXDLBBF-UHFFFAOYSA-N,5,31,858,16.72040750474132
ICNFHJVPAJKPHW-UHFFFAOYSA-N,6,18,211,4.633611208740533
GZUITABIAKMVPG-UHFFFAOYSA-N,6,35,691,9.925670856769047
HKPHPIREJKHECO-UHFFFAOYSA-N,6,38,691,14.50143428656733
AFYCEAFSNDLKSX-UHFFFAOYSA-N,6,39,835,9.117147435549617
NJPQAIBZIHNJDO-UHFFFAOYSA-N,6,16,321,6.728417358958837
PKOFBDHYTMYVGJ-UHFFFAOYSA-N,6,39,747,14.299989807534885
FWQYJOPJMIEKHZ-UHFFFAOYSA-N,6,22,511,16.184429976684207
OXEUETBFKVCRNP-UHFFFAOYSA-N,6,29,305,4.006918965537066
ZLCUIOWQYBYEBG-UHFFFAOYSA-N,5,51,1635,21.06569768003827
DMSMPAJRVJJAGA-UHFFFAOYSA-N,3,16,486,10.306516116683952
OUGIDAPQYNCXRA-UHFFFAOYSA-N,6,32,770,13.496406701854788
GNBHRKFJIUUOQI-UHFFFAOYSA-N,6,61,751,5.794581500077088
PXMNMQRDXWABCY-UHFFFAOYSA-N,6,12,107,7.913544407038724
JWAZRIHNYRIHIV-UHFFFAOYSA-N,6,29,1405,27.748435404924326
RAVIZVQZGXBOQO-UHFFFAOYSA-N,6,26,94,1.928308453938345
JNELGWHKGNBSMD-UHFFFAOYSA-N,6,18,825,15.708090178992103
GZVHEAJQGPRDLQ-UHFFFAOYSA-N,6,19,193,6.069126296387253
DNTGGZPQPQTDQF-UHFFFAOYSA-N,6,42,955,14.894484479338146
IPKKHRVROFYTEK-UHFFFAOYSA-N,6,29,557,15.548295663038527
VHRSUDSXCMQTMA-PJHHCJLFSA-N,6,329,7634,42.44783672503312
CMEWLCATCRTSGF-UHFFFAOYSA-N,6,33,609,8.728163225100039
WUZNHSBFPPFULJ-UHFFFAOYSA-N,5,51,433,7.2842406307379095
ZDKIAVFEUPUCMR-UHFFFAOYSA-N,6,78,1742,18.90505756846266
AQSQFWLMFCKKMG-UHFFFAOYSA-N,6,16,286,11.60488074315098
VKHAHZOOUSRJNA-GCNJZUOMSA-N,6,306,6454,40.1660169535499
VHHGUBHZBLPTKL-UHFFFAOYSA-N,6,23,743,12.709969925443392
NEBPTMCRLHKPOB-UHFFFAOYSA-N,6,16,261,4.969600897843251
JUVSRZCUMWZBFK-UHFFFAOYSA-N,6,40,811,13.534383083844899
XDOTVMNBCQVZKG-MKICQXMISA-N,4,21,164,3.6522536108022
ASOKPJOREAFHNY-UHFFFAOYSA-N,6,28,425,5.314156854781193
BJELTSYBAHKXRW-UHFFFAOYSA-N,6,67,1656,21.805159821499586
YVUQSNJEYSNKRX-UHFFFAOYSA-N,6,53,868,10.295360259454513
HEZNVIYQEUHLNI-UHFFFAOYSA-N,6,78,1655,17.896642490363
FXKFFTMLFPWYFH-RDGPPVDQSA-N,6,95,2105,18.67447027174778
XDNBJTQLKCIJBV-UHFFFAOYSA-N,6,88,259,4.034410097456818
BEZZFPOZAYTVHN-UHFFFAOYSA-N,6,43,243,2.940004078760891
MWKVXOJATACCCH-UHFFFAOYSA-N,6,68,1227,12.950739829020932
AHSGHEXYEABOKT-UHFFFAOYSA-N,2,3,57,4.373386945060473
HXHWSAZORRCQMX-UHFFFAOYSA-N,6,25,136,1.5707763697130193
TWPMMLHBHPYSMT-UHFFFAOYSA-N,6,36,1503,24.830250144739406
VAIZTNZGPYBOGF-UHFFFAOYSA-N,5,39,1073,29.332785338340038
CJPQIRJHIZUAQP-UHFFFAOYSA-N,5,26,1113,28.49625301602461
PZBPKYOVPCNPJY-UHFFFAOYSA-N,6,51,703,8.476906654703638
KNDQHSIWLOJIGP-UHFFFAOYSA-N,5,21,623,10.561715316082143
HSUIVCLOAAJSRE-UHFFFAOYSA-N,3,5,41,1.9507425357371944
YFNCATAIYKQPOO-UHFFFAOYSA-N,6,48,705,13.822296173794344
FFGPTBGBLSHEPO-UHFFFAOYSA-N,6,26,347,6.4715375649778455
QZXATCCPQKOEIH-UHFFFAOYSA-N,6,10,65,2.489812668068347
YLDDCEXDGNXCIO-UHFFFAOYSA-N,6,40,1333,23.048274843101648
STMIIPIFODONDC-UHFFFAOYSA-N,6,13,104,8.16883476467218
PNRAZZZISDRWMV-UHFFFAOYSA-N,6,18,181,4.2307560498623635
ADIMAYPTOBDMTL-UHFFFAOYSA-N,6,52,899,13.010074743184108
XPAZGLFMMUODDK-UHFFFAOYSA-N,6,19,106,2.6028624094076114
APTZNLHMIGJTEW-UHFFFAOYSA-N,6,123,393,3.0866852952159562
HZJKXKUJVSEEFU-UHFFFAOYSA-N,6,17,197,8.942556637114183
XOGPDSATLSAZEK-UHFFFAOYSA-N,6,47,723,9.397079542826361
CNIGFESSDPOCKS-CYBMUJFWSA-N,6,20,246,3.5489997405524605
PUIYMUZLKQOUOZ-UHFFFAOYSA-N,6,13,128,9.76010424164327
FSVJFNAIGNNGKK-UHFFFAOYSA-N,5,36,900,14.06487129157939
JRBJSXQPQWSCCF-UHFFFAOYSA-N,6,32,264,2.9040684396306444
RXCPQSJAVKGONC-UHFFFAOYSA-N,6,13,75,2.5022926318115775
WZZLDXDUQPOXNW-UHFFFAOYSA-N,12,36,153,2.786774478900851
YVIXXPCJZAUQHJ-UHFFFAOYSA-N,6,40,1765,33.38534582312351
RRVIAQKBTUQODI-UHFFFAOYSA-N,6,20,258,6.0595021120192785
AFIIBUOYKYSPKB-UHFFFAOYSA-N,5,63,511,8.459383399442435
HDHLIWCXDDZUFH-UHFFFAOYSA-N,6,49,601,10.192318219841209
RQVYBGPQFYCBGX-UHFFFAOYSA-N,6,44,376,8.452956650063745
ZMYFCFLJBGAQRS-UHFFFAOYSA-N,6,39,924,16.008722879715943
HSHNITRMYYLLCV-UHFFFAOYSA-N,11,83,3018,35.457478096714084
MMCJEAKINANSOL-UHFFFAOYSA-N,6,23,794,17.208752212954263
YGUFQYGSBVXPMC-UHFFFAOYSA-N,6,25,155,2.794921931618248
UFEODZBUAFNAEU-NLRVBDNBSA-N,6,167,2078,18.387588196045463
GMBRUAIJEFRHFQ-UHFFFAOYSA-N,6,56,532,6.0354572006123535
FQNKTJPBXAZUGC-UHFFFAOYSA-N,6,109,1892,21.692165276862642
ZNNLBTZKUZBEKO-UHFFFAOYSA-N,6,33,1336,19.359515929499487
NBNTWDUNCHRWMT-UHFFFAOYSA-N,6,23,372,7.859976737231789
QASFUMOKHFSJGL-LAFRSMQTSA-N,6,128,4320,35.64244859003713
JNRLEMMIVRBKJE-UHFFFAOYSA-N,6,40,450,6.522843165308313
PXWUKZGIHQRDHL-UHFFFAOYSA-N,6,58,397,6.467382686114423
HFCYZXMHUIHAQI-UHFFFAOYSA-N,6,30,692,9.088977148649949
AEMFNILZOJDQLW-QAGGRKNESA-N,5,23,1029,15.875790527940008
DOIRQSBPFJWKBE-UHFFFAOYSA-N,6,54,2887,46.53077236842876
STJLVHWMYQXCPB-UHFFFAOYSA-N,6,23,265,7.499972201646547
KQSABULTKYLFEV-UHFFFAOYSA-N,6,31,588,9.862483778156388
MROJXXOCABQVEF-UHFFFAOYSA-N,6,11,187,7.966952235767609
XXOYNJXVWVNOOJ-UHFFFAOYSA-N,6,9,104,10.15558760047
NXFQWRWXEYTOTK-UHFFFAOYSA-N,6,31,321,6.12921259544578
FFHQNQNMELQOEF-UHFFFAOYSA-N,6,24,1328,23.903263542172244
QRUDEWIWKLJBPS-UHFFFAOYSA-N,6,14,506,15.903375597910804
JLFNLZLINWHATN-UHFFFAOYSA-N,6,10,65,2.333017328681486
ZBBHBTPTTSWHBA-UHFFFAOYSA-N,6,42,948,27.25805975812445
XGXOSJSGDNPEEF-NRFANRHFSA-N,4,23,476,9.227280213962676
UAIUNKRWKOVEES-UHFFFAOYSA-N,4,20,190,3.4846075188207757
UWFYSQMTEOIJJG-FDTZYFLXSA-N,4,394,7695,38.48084250735447
VBCVPMMZEGZULK-NRFANRHFSA-N,6,128,1302,9.521655926543993
ZTENZJJCFACIAK-ADWVOTLJSA-N,6,76,1921,28.433863740349175
CNWSQCLBDWYLAN-UHFFFAOYSA-N,6,24,316,10.978929296710707
BZKPWHYZMXOIDC-UHFFFAOYSA-N,6,27,32,0.5614847885882808
WFDXOXNFNRHQEC-GHRIWEEISA-N,6,101,828,7.3349555145189305
NXJCRELRQHZBQA-UHFFFAOYSA-N,6,99,2761,33.106630637855474
IROINLKCQGIITA-UHFFFAOYSA-N,6,40,423,9.174529240435502
WCCIEZDFRJREQJ-UHFFFAOYSA-N,6,40,476,8.288438389055026
KFFQABQEJATQAT-UHFFFAOYSA-N,6,22,405,12.776403240642148
MBIZFBDREVRUHY-UHFFFAOYSA-N,5,18,307,7.563266084979402
QWGDMFLQWFTERH-UHFFFAOYSA-N,6,28,168,3.5897516825506495
DECIPOUIJURFOJ-UHFFFAOYSA-N,6,101,2226,17.635420536878343
PJEIIBXJUDOMAN-UHFFFAOYSA-N,6,17,337,5.773313504356506
CJCSPKMFHVPWAR-JTQLQIEISA-N,6,52,1739,22.231679073018018
HBBVCKCCQCQCTJ-UHFFFAOYSA-N,6,160,4266,40.13519056966809
XVOKUMIPKHGGTN-UHFFFAOYSA-N,5,82,1168,11.836168728239638
UHBUSMAHWHZQKS-UHFFFAOYSA-N,5,34,1239,24.308191210123493
PTOAARAWEBMLNO-KVQBGUIXSA-N,6,32,300,4.149105521656308
IAKHMKGGTNLKSZ-INIZCTEOSA-N,11,1011,6111,19.0097742697435
ZOXBWJMCXHTKNU-UHFFFAOYSA-N,5,30,1063,22.09945384372736
LJOZMWRYMKECFF-UHFFFAOYSA-N,6,28,529,6.3937790783773965
GOCUAJYOYBLQRH-UHFFFAOYSA-N,5,49,1123,30.617130083018225
NJGBTKGETPDVIK-UHFFFAOYSA-N,6,31,1651,26.307622896207643
FTSXVYQZLNPTCM-UHFFFAOYSA-N,3,4,124,7.775806896498417
FMKMKBLHMONXJM-UHFFFAOYSA-N,6,41,1405,21.35136257676537
SCABKEBYDRTODC-UHFFFAOYSA-N,5,79,1371,18.42612942342836
LAKWINYVWJPHQW-UHFFFAOYSA-N,6,32,1052,18.281817991689934
QAHFOPIILNICLA-UHFFFAOYSA-N,6,23,829,16.777083249490712
WKSAUQYGYAYLPV-UHFFFAOYSA-N,6,44,578,6.332489001315242
WRPIRSINYZBGPK-UHFFFAOYSA-N,6,57,178,1.944979943239984
SZRPDCCEHVWOJX-UHFFFAOYSA-N,6,76,1945,22.641386056677447
XUKUURHRXDUEBC-KAYWLYCHSA-N,12,286,4482,24.596607003141006
DNRJTBAOUJJKDY-UHFFFAOYSA-N,6,44,1820,26.370826815565085
FIQMHBFVRAXMOP-UHFFFAOYSA-N,6,41,1089,16.554651640398664
ZWJNEYVWPYIKMB-UHFFFAOYSA-N,5,25,1184,18.196777690177232
ZIWFCOIGUNPHPM-HKUYNNGSSA-N,6,53,2207,33.882688650248106
SPNQRCTZKIBOAX-UHFFFAOYSA-N,6,51,2240,36.15466206158271
XRHGWAGWAHHFLF-UHFFFAOYSA-N,5,26,70,2.340730215165412
CFOYWRHIYXMDOT-UHFFFAOYSA-N,6,31,298,5.193034674749243
KNHGNICBXADRMC-UHFFFAOYSA-N,6,336,5472,34.35460721111295
JRBPAEWTRLWTQC-UHFFFAOYSA-N,6,23,94,2.1534182553708243
UWVQIROCRJWDKL-UHFFFAOYSA-N,6,55,1670,21.859533597158475
ZLIBICFPKPWGIZ-UHFFFAOYSA-N,6,63,1966,21.883073228836444
RXPRRQLKFXBCSJ-GIVPXCGWSA-N,13,373,5175,25.114707519228684
GYSSRZJIHXQEHQ-UHFFFAOYSA-N,6,25,310,7.787013521098233
MLKCGVHIFJBRCD-UHFFFAOYSA-N,6,120,241,2.069216843837588
OMSPUVWUIHNYCS-UHFFFAOYSA-N,5,38,1354,20.111047661072845
RRKTZKIUPZVBMF-IBTVXLQLSA-N,6,205,3001,20.486266059622217
IYIKLHRQXLHMJQ-UHFFFAOYSA-N,5,17,215,8.254832096138221
LUVXHMJTVXZFPD-ZDUSSCGKSA-N,6,53,1873,20.073357134461183
HZRSNVGNWUDEFX-UHFFFAOYSA-N,6,81,1762,18.90266764173794
QANMHLXAZMSUEX-UHFFFAOYSA-N,10,41,337,4.207554682915107
FAOZLTXFLGPHNG-KNAQIMQKSA-N,6,297,7199,43.29050387919962
PXWNBAGCFUDYBE-UHFFFAOYSA-N,6,45,2282,35.772036400356356
TZBPRYIIJAJUOY-UHFFFAOYSA-N,6,80,472,6.07331729303796
VZRKEAFHFMSHCD-UHFFFAOYSA-N,6,20,235,6.820316284872328
LNEPOXFFQSENCJ-UHFFFAOYSA-N,5,13,182,7.394002037838909
IQVNEKKDSLOHHK-FNCQTZNRSA-N,6,65,509,6.625807548621867
ZCJPOPBZHLUFHF-UHFFFAOYSA-N,6,63,1280,14.123743023032906
TWMFGCHRALXDAR-UHFFFAOYSA-N,6,43,1136,17.8154728779152
QULLOTSYPAOTIW-OAHLLOKOSA-N,6,53,1251,15.659152672972823
OSUHJPCHFDQAIT-UHFFFAOYSA-N,5,117,2096,29.836510428740596
UACOXBQBNWQWOK-UHFFFAOYSA-N,6,27,108,1.6397523693819802
MXHTZQSKTCCMFG-UHFFFAOYSA-N,6,15,922,34.551252604398854
JBDHZKLJNAIJNC-LLVKDONJSA-N,6,50,1350,32.05802069051027
WYEMLYFITZORAB-UHFFFAOYSA-N,5,48,189,2.066452370832799
FUSYFEXGXRDJNB-KWQFWETISA-N,6,25,342,6.400300998856079
MAUFTTLGOUBZNA-UHFFFAOYSA-N,6,72,3072,35.81642209163632
CGSLYBDCEGBZCG-UHFFFAOYSA-N,6,31,909,18.94376592500574
GRPURDFRFHUDSP-UHFFFAOYSA-N,3,4,168,8.064680140948258
JBCUKQQIWSWEOK-UHFFFAOYSA-N,5,35,1388,29.98841835204229
RJKFOVLPORLFTN-LEKSSAKUSA-N,6,50,2498,29.369181490806813
CIFWZNRJIBNXRE-UHFFFAOYSA-N,6,112,3147,35.189951503600604
BQGRVFPPZJPWPB-UHFFFAOYSA-N,6,15,456,9.928888475372307
PCZLQMGFNUNVOM-UHFFFAOYSA-N,6,75,253,2.498626269511828
XMAYWYJOQHXEEK-OZXSUGGESA-N,6,101,1613,15.018782454880713
CXXVJZRGOOIVOD-SANMLTNESA-N,6,83,1632,16.46401098955
JOOMJVFZQRQWKR-UHFFFAOYSA-N,5,63,515,5.750537684912724
BGEBZHIAGXMEMV-UHFFFAOYSA-N,24,116,650,4.6850495461909905
QLHULAHOXSSASE-UHFFFAOYSA-N,6,46,1227,16.100728485785808
GCAOVMKRBUCSET-UHFFFAOYSA-N,5,18,171,2.4079044896925144
ZUBPKHVCBGWWGO-NDEPHWFRSA-N,6,19,603,13.319205854057822
VGZSUPCWNCWDAN-UHFFFAOYSA-N,5,117,3902,38.28523208210487
YAPQBXQYLJRXSA-UHFFFAOYSA-N,4,60,1229,15.454735049412152
MXWJVTOOROXGIU-UHFFFAOYSA-N,5,31,300,8.332488194262453
SJDACOMXKWHBOW-UHFFFAOYSA-N,6,35,545,7.791723520285767
VEQOALNAAJBPNY-UHFFFAOYSA-N,6,87,3129,33.803864419776176
RXZBMPWDPOLZGW-HITVVWEBSA-N,6,50,405,6.105615239776559
FZXISNSWEXTPMF-UHFFFAOYSA-N,6,42,504,10.590699655522862
VUNOFAIHSALQQH-UHFFFAOYSA-N,6,56,1769,22.215133145315516
YNDXUCZADRHECN-JNQJZLCISA-N,6,473,8599,41.573624512906704
VPWNQTHUCYMVMZ-UHFFFAOYSA-N,6,22,451,13.85534141524335
YPACMOORZSDQDQ-UHFFFAOYSA-N,4,71,1632,20.07180331235065
CLSVJBIHYWPGQY-GGYDESQDSA-N,6,87,2888,30.317228290177315
ZRVUJXDFFKFLMG-UHFFFAOYSA-N,6,18,59,1.8679494163966635
STUSTWKEFDQFFZ-UHFFFAOYSA-N,6,14,159,4.534138537886096
VHCNQEUWZYOAEV-UHFFFAOYSA-N,5,59,1730,21.982103913639584
QNXAVFXEJCPCJO-UHFFFAOYSA-N,6,14,59,0.9173903840598624
RFHAOTPXVQNOHP-UHFFFAOYSA-N,5,61,875,12.520474607286518
LWRBVKNFOYUCNP-UHFFFAOYSA-N,6,56,1282,18.720189142010494
LMEKQMALGUDUQG-UHFFFAOYSA-N,6,160,853,7.311894522420218
WTLBZVNBAKMVDP-UHFFFAOYSA-N,5,39,648,15.56684664705063
JCICIFOYVSPMHG-UHFFFAOYSA-N,5,39,949,11.867446347444865
PRUGWHGQBHEDAX-QXONSOMPSA-N,5,74,2038,21.659337601468465
FUSNMLFNXJSCDI-UHFFFAOYSA-N,6,32,1437,31.837106155100884
MWYHLEQJTQJHSS-UHFFFAOYSA-N,6,121,3521,33.76250574687592
LUBJCRLGQSPQNN-UHFFFAOYSA-N,5,25,1092,24.095498916265782
NKFNBVMJTSYZDV-UHFFFAOYSA-N,5,26,547,12.675667453056384
AQYMRQUYPFCXDM-UHFFFAOYSA-N,5,8,247,8.45305318259235
PQFRTXSWDXZRRS-UHFFFAOYSA-N,6,18,138,4.191579929464761
DOMWKUIIPQCAJU-LJHIYBGHSA-N,6,187,5372,40.191827161178274
VTNQPKFIQCLBDU-UHFFFAOYSA-N,5,25,354,6.625946637741453
OWRCNXZUPFZXOS-UHFFFAOYSA-N,5,28,1264,25.008844068721242
SNHRLVCMMWUAJD-SUYDQAKGSA-N,5,314,7655,46.69125455707581
WPPOGHDFAVQKLN-UHFFFAOYSA-N,6,17,297,6.756855215622748
PTCGDEVVHUXTMP-UHFFFAOYSA-N,6,28,428,12.7044514799228
WMYINDVYGQKYMI-UHFFFAOYSA-N,6,55,1535,19.91787454651523
VEENJGZXVHKXNB-VOTSOKGWSA-N,6,29,272,10.222368219481634
WONHLSYSHMRRGO-UHFFFAOYSA-N,3,22,250,7.71599006078679
XKNKHVGWJDPIRJ-UHFFFAOYSA-N,6,34,778,19.172302020444498
QHMTXANCGGJZRX-WUXMJOGZSA-N,5,8,127,4.159040833244047
QHTQREMOGMZHJV-UHFFFAOYSA-N,3,7,109,4.871478938343511
CHNUNORXWHYHNE-UHFFFAOYSA-N,5,39,264,4.035584745800369
PZIRJMYRYORVIT-UHFFFAOYSA-N,6,32,134,3.5559696141649018
DIZKGJLRHOCMTP-UHFFFAOYSA-N,6,26,850,17.882976419987994
AAEVYOVXGOFMJO-UHFFFAOYSA-N,6,30,208,4.9830326763833686
AKNQMEBLVAMSNZ-UHFFFAOYSA-N,6,15,86,3.921770919472528
DNUAYCRATWAJQE-UHFFFAOYSA-N,6,301,1127,6.602665754836539
DWFZBUWUXWZWKD-UHFFFAOYSA-N,6,24,969,17.52061017572443
NWIVYGKSHSJHEF-UHFFFAOYSA-N,6,43,1384,16.338150001795654
PFRYFZZSECNQOL-UHFFFAOYSA-N,6,51,2213,41.98580902167261
BOFHKBLZOYVHSI-UHFFFAOYSA-N,6,33,652,10.399769436957945
MESJRHHDBDCQTH-UHFFFAOYSA-N,6,14,100,3.1090182533989577
HWVNEWGKWRGSRK-UHFFFAOYSA-N,6,42,65,0.8912701798126236
IXSZQYVWNJNRAL-UHFFFAOYSA-N,6,24,566,9.886193988580573
BHAAPTBBJKJZER-UHFFFAOYSA-N,11,70,1408,17.460124725144475
KRNUKKZDGDAWBF-UHFFFAOYSA-N,5,43,717,11.775914224005101
KDGDTPNBDMVKHC-XIAWMOHYSA-N,6,87,2226,24.930736285711333
YBBLVLTVTVSKRW-UHFFFAOYSA-N,6,58,1344,15.62262559677591
RQUXYBHREKXNKT-UHFFFAOYSA-N,4,19,1063,33.27509692897794
WJZSZXCWMATYFX-UHFFFAOYSA-N,6,15,121,3.3565083930680837
SLDQOBRACOQXGE-UHFFFAOYSA-N,6,49,1548,21.353968422144376
BEGLCMHJXHIJLR-UHFFFAOYSA-N,6,22,111,1.6907516994701013
OVEMTTZEBOCJDV-UHFFFAOYSA-N,6,27,1330,33.01454863329156
NHDHVHZZCFYRSB-UHFFFAOYSA-N,6,33,1307,17.80656648680408
PDMMFKSKQVNJMI-BLQWBTBKSA-N,6,70,3141,34.505787035772
ISRUGXGCCGIOQO-UHFFFAOYSA-N,5,23,613,15.628713838786167
HYYBABOKPJLUIN-UHFFFAOYSA-N,6,19,132,2.6504200807536624
PZYDAVFRVJXFHS-UHFFFAOYSA-N,6,20,351,6.812964638360738
DJDSLBVSSOQSLW-UHFFFAOYSA-N,5,15,276,7.94190355693367
WUADCCWRTIWANL-UHFFFAOYSA-N,10,161,2389,14.579312117453169
MXXWOMGUGJBKIW-YPCIICBESA-N,13,65,690,9.629140788112593
LIAWQASKBFCRNR-UHFFFAOYSA-N,5,19,189,5.421395294171343
QXWJDGMLSMFETH-FNORWQNLSA-N,6,25,353,10.962659636061803
FSAVDKDHPDSCTO-UHFFFAOYSA-N,6,20,61,2.4781479379588487
YJFCKXVXEKHSEC-UHFFFAOYSA-N,5,21,620,19.130874330873883
LQDARGUHUSPFNL-UHFFFAOYSA-N,6,23,379,10.323673997226072
AEOCXXJPGCBFJA-UHFFFAOYSA-N,6,27,311,6.566341915851998
SDMSCIWHRZJSRN-UHFFFAOYSA-N,5,56,1364,21.643361604911494
POZRVZJJTULAOH-LHZXLZLDSA-N,6,302,8228,54.77036081624234
GYHPTPQZVBYHLC-UHFFFAOYSA-N,6,17,237,10.354154625312168
HOMGKSMUEGBAAB-UHFFFAOYSA-N,6,37,201,3.2537462863565327
RYYVLZVUVIJVGH-UHFFFAOYSA-N,7,37,440,7.412673355015442
KCXZNSGUUQJJTR-UHFFFAOYSA-N,6,15,489,16.637572586857303
PGOOBECODWQEAB-UHFFFAOYSA-N,6,46,262,3.899628103882689
BXNANOICGRISHX-UHFFFAOYSA-N,6,89,1223,14.275798384337216
GFNANZIMVAIWHM-OBYCQNJPSA-N,6,375,7913,42.74778405954662
ALKYHXVLJMQRLQ-UHFFFAOYSA-N,4,29,2399,52.21293723394488
SAPGTCDSBGMXCD-UHFFFAOYSA-N,6,62,403,5.874490549722264
NWUWYYSKZYIQAE-WMCAAGNKSA-N,6,36,1885,34.42703077549078
OCSHTBUKRNOLMC-UHFFFAOYSA-N,6,44,338,6.453373274827319
QMGVPVSNSZLJIA-FVWCLLPLSA-N,12,179,3267,21.2466606755442
IYAZLDLPUNDVAG-UHFFFAOYSA-N,6,51,1948,32.63179781058313
AMFGTOFWMRQMEM-UHFFFAOYSA-N,6,39,1145,18.755579088367394
ZQDWXGKKHFNSQK-UHFFFAOYSA-N,5,11,198,7.596516629571207
MGWAVDBGNNKXQV-UHFFFAOYSA-N,6,32,1024,23.28024058205265
QCAWEPFNJXQPAN-UHFFFAOYSA-N,6,47,2443,41.77914182714286
OMNKZBIFPJNNIO-UHFFFAOYSA-N,5,22,762,21.06659589278533
FEBLZLNTKCEFIT-VSXGLTOVSA-N,6,229,5264,38.97570317215314
VEMKTZHHVJILDY-UHFFFAOYSA-N,6,102,4155,45.38860670856371
PZRHRDRVRGEVNW-UHFFFAOYSA-N,6,73,1027,10.293539592123185
YKBZOVFACRVRJN-UHFFFAOYSA-N,6,54,232,5.563335899354454
XOFYZVNMUHMLCC-ZPOLXVRWSA-N,6,388,7952,42.23676773276505
CGIGDMFJXJATDK-UHFFFAOYSA-N,6,22,197,4.2056936959549525
HXTGXYRHXAGCFP-OAQYLSRUSA-N,5,25,843,14.701319200678071
VYBKAZXQKUFAHG-UHFFFAOYSA-N,5,14,718,16.737743577620122
OVBPIULPVIDEAO-LBPRGKRZSA-N,2,5,56,2.804696635840691
ODCWYMIRDDJXKW-UHFFFAOYSA-N,6,38,316,8.386412847492933
IVENSCMCQBJAKW-UHFFFAOYSA-N,5,38,343,9.040749666145468
SWAJJKROCOJICG-UHFFFAOYSA-N,6,48,1153,18.745753104689566
VTWQUFUBSCXPOW-UHFFFAOYSA-N,3,43,235,3.320812179383238
PHNUZKMIPFFYSO-UHFFFAOYSA-N,2,7,92,1.8987187878030831
LLEMOWNGBBNAJR-UHFFFAOYSA-N,6,38,1298,17.542250766512772
YIJZJEYQBAAWRJ-UHFFFAOYSA-N,6,139,418,3.3871344591300403
KLGMSAOQDHLCOS-UHFFFAOYSA-N,6,37,123,3.4342193252265734
ZTWZVMIYIIVABD-OEMFJLHTSA-N,6,89,2966,30.72060323870174
DIOYAVUHUXAUPX-KHPPLWFESA-N,4,33,1823,26.791584062803707
JCCNYMKQOSZNPW-UHFFFAOYSA-N,6,115,342,2.2095023327819843
ZBRHTUMWSDPCMI-UHFFFAOYSA-N,6,46,574,6.990932046115669
XEANIURBPHCHMG-SWLSCSKDSA-N,4,42,820,10.611248682150004
JLYFCTQDENRSOL-UHFFFAOYSA-N,5,72,1764,19.548762547339
ZFXYFBGIUFBOJW-UHFFFAOYSA-N,6,27,467,8.482009840525208
OEMJXSVJXPIFMA-UHFFFAOYSA-N,4,52,54,0.8486207953818294
MQHNKCZKNAJROC-UHFFFAOYSA-N,4,15,608,17.728854808340156
UDKABVSQKJNZBH-DWNQPYOZSA-N,6,182,4012,25.525736377857577
JLRGJRBPOGGCBT-UHFFFAOYSA-N,6,36,1322,32.89056533321633
QYPNKSZPJQQLRK-UHFFFAOYSA-N,6,56,2380,42.9172445748762
IANUJLZYFUDJIH-UHFFFAOYSA-N,6,49,838,9.647290801745838
RTIXKCRFFJGDFG-UHFFFAOYSA-N,4,21,530,9.407066089583772
NHOWDZOIZKMVAI-UHFFFAOYSA-N,6,83,999,10.171688480825907
YKVIWISPFDZYOW-UHFFFAOYSA-N,5,26,467,12.210206591501704
RDBIYWSVMRVKSG-UHFFFAOYSA-N,6,8,111,10.68751518655521
GPNAVOJCQIEKQF-UHFFFAOYSA-N,5,20,70,1.4079956675976777
WJNRPILHGGKWCK-UHFFFAOYSA-N,6,26,195,6.100948323937577
HMXDWDSNPRNUKI-UHFFFAOYSA-N,6,169,1545,11.60896128018919
CTJBHIROCMPUKL-WEVVVXLNSA-N,6,39,866,17.733997913973372
HUTDUHSNJYTCAR-UHFFFAOYSA-N,5,37,1234,15.809460896923216
VMWNQDUVQKEIOC-CYBMUJFWSA-N,9,30,208,2.827512861466508
IBSNKSODLGJUMQ-SDNWHVSQSA-N,5,24,1071,25.00153426054394
KZHGPDSVHSDCMX-UHFFFAOYSA-N,6,16,35,0.7382826746474135
VAOCPAMSLUNLGC-UHFFFAOYSA-N,5,25,179,3.4368419939810044
UVLBAPBHAHFJSY-UHFFFAOYSA-N,6,121,553,4.115157254198055
KYFWUBJMTHVBIF-QFIPXVFZSA-N,6,21,502,7.789194933469392
BDNFQGRSKSQXRI-XMMPIXPASA-N,6,31,1191,24.65328819581015
YWBVHLJPRPCRSD-UHFFFAOYSA-N,6,83,1425,16.136523671540086
UIKROCXWUNQSPJ-VIFPVBQESA-N,7,25,261,5.789170209446228
FOXFZRUHNHCZPX-UHFFFAOYSA-N,5,59,893,11.848198297150963
IGLVCWPPISIXPR-UHFFFAOYSA-N,4,11,127,3.5218638953382113
SZWKGOZKRMMLAJ-UHFFFAOYSA-N,5,64,2300,29.091200717915797
GZGZVOLBULPDFD-UHFFFAOYSA-N,6,55,550,7.027445860119163
NWBJYWHLCVSVIJ-UHFFFAOYSA-N,6,10,732,33.019421361190176
DJRKHTCUXRGYEU-UHFFFAOYSA-N,6,26,723,17.884543255537018
LGBYJXBCVZKJBL-UHFFFAOYSA-N,6,41,596,10.28807329091221
QXKHYNVANLEOEG-UHFFFAOYSA-N,6,41,470,4.931521065901317
CABMTIJINOIHOD-UHFFFAOYSA-N,6,74,581,7.842663830574499
PNVNVHUZROJLTJ-UHFFFAOYSA-N,6,20,680,14.393956234591599
HGBGXSPIBLZGHS-SJCJKPOMSA-N,5,21,452,7.960101818236357
RQZAXGRLVPAYTJ-GQFGMJRRSA-N,6,240,5414,32.14853104421842
FFSSWMQPCJRCRV-UHFFFAOYSA-N,6,28,9,0.20801941071815008
YRRKLBAKDXSTNC-WEVVVXLNSA-N,6,55,1246,20.550391247097647
RRNIZKPFKNDSRS-UHFFFAOYSA-N,6,30,717,15.52720176631249
RZILCCPWPBTYDO-UHFFFAOYSA-N,6,9,122,10.024286149324944
NWWZPOKUUAIXIW-UHFFFAOYSA-N,6,56,317,3.88026046671906
AMRQXHFXNZFDCH-UHFFFAOYSA-N,6,78,824,8.645894844631272
IRIAEXORFWYRCZ-UHFFFAOYSA-N,6,18,1004,37.08154003426076
NKANXQFJJICGDU-QPLCGJKRSA-N,6,18,558,9.530607143789226
WZKXBGJNNCGHIC-UHFFFAOYSA-N,6,45,378,5.74778274484339
VIKNJXKGJWUCNN-XGXHKTLJSA-N,5,133,5215,49.59465290987809
AEKQMJRJRAHOAP-CYBMUJFWSA-N,6,39,569,7.867244157555806
WURBVZBTWMNKQT-UHFFFAOYSA-N,5,65,1816,25.24081425792295
YLJREFDVOIBQDA-UHFFFAOYSA-N,6,16,87,1.6822917399873762
JBIJLHTVPXGSAM-UHFFFAOYSA-N,6,24,992,15.584681212655846
NHKWRRHZTGQJMT-UHFFFAOYSA-N,6,63,2260,31.685944417550708
BQYJATMQXGBDHF-UHFFFAOYSA-N,4,52,710,8.936398259109422
AXTGDCSMTYGJND-UHFFFAOYSA-N,6,44,1549,22.776825460806382
IDQHRQQSSQDLTR-UHFFFAOYSA-N,3,9,38,1.6293694166992136
BPXVHIRIPLPOPT-UHFFFAOYSA-N,4,19,61,1.475156209875527
RGOVYLWUIBMPGK-UHFFFAOYSA-N,6,20,1101,13.832962226245439
DBEPLOCGEIEOCV-WSBQPABSSA-N,6,96,3480,37.425531995228255
VDTNNGKXZGSZIP-UHFFFAOYSA-N,5,29,946,23.13670302057206
DRZXDZYWZSKFDL-UHFFFAOYSA-N,6,23,823,11.508235820552585
BGRWYRAHAFMIBJ-UHFFFAOYSA-N,6,23,78,1.036547017901537
CIEXPHRYOLIQQD-UHFFFAOYSA-N,6,10,11,0.3286397052911145
FQKUGOMFVDPBIZ-UHFFFAOYSA-N,5,62,2713,36.69539883176781
RCLXAPJEFHPYEG-ZWKOTPCHSA-N,6,48,1078,13.372954414362365
XUFQPHANEAPEMJ-UHFFFAOYSA-N,6,33,197,3.5539305450608163
WKBPZYKAUNRMKP-UHFFFAOYSA-N,4,24,369,11.759953749742738
OUDSBRTVNLOZBN-UHFFFAOYSA-N,6,86,1702,27.869514193960008
BWHOZHOGCMHOBV-BQYQJAHWSA-N,17,82,2973,33.88325678788018
CVXBEEMKQHEXEN-UHFFFAOYSA-N,6,23,230,6.22473766172328
IOUNQDKNJZEDEP-UHFFFAOYSA-N,6,109,2907,27.450782838651186
QUAMTGJKVDWJEQ-UHFFFAOYSA-N,6,202,4041,34.53653319041663
KIEDNEWSYUYDSN-UHFFFAOYSA-N,6,17,188,4.639205129593453
NHZLNPMOSADWGC-UHFFFAOYSA-N,6,38,871,20.684874571934547
DUFVKSUJRWYZQP-UHFFFAOYSA-N,5,16,59,1.1897298377259888
MZZBPDKVEFVLFF-UHFFFAOYSA-N,6,59,448,8.94900017474809
RQDJADAKIFFEKQ-UHFFFAOYSA-N,5,21,858,17.540873927538666
DMBHHRLKUKUOEG-UHFFFAOYSA-N,5,12,550,16.278044568421237
CPHJEACXPATRSU-UHFFFAOYSA-N,6,35,525,11.435728568461268
IPEHSCPRVOWQFQ-UHFFFAOYSA-N,6,38,1008,21.359637522643077
POFWRMVFWIJXHP-UHFFFAOYSA-N,6,11,737,31.769847629745982
AWXQYTLSBPWDMJ-UHFFFAOYSA-N,6,97,1801,16.288166112253517
JJAPPCJXQFKMJL-UHFFFAOYSA-N,6,318,2750,15.78064445196464
KVJXBPDAXMEYOA-CXANFOAXSA-N,6,59,2189,26.44527801460457
FCBQJNCAKZSIAH-UHFFFAOYSA-N,6,56,716,9.714128158893438
WTOYNNBCKUYIKC-JMSVASOKSA-N,5,121,4279,39.59838435838999
PIJVFDBKTWXHHD-HIFRSBDPSA-N,6,35,193,3.0801756745880207
WYWZRNAHINYAEF-UHFFFAOYSA-N,5,14,110,3.312960516857788
WECDUOXQLAIPQW-UHFFFAOYSA-N,6,22,377,7.555610943947196
UREBDLICKHMUKA-DVTGEIKXSA-N,6,196,5188,39.520934085373966
KAJICSGLHKRDLN-UHFFFAOYSA-N,6,27,392,9.142766725551823
NDDAHWYSQHTHNT-UHFFFAOYSA-N,5,24,1325,36.05928227400766
YTRMTPPVNRALON-UHFFFAOYSA-N,6,34,680,8.783199164860005
GWLFIMOOGVXSMZ-UHFFFAOYSA-N,6,23,117,3.1242474004497662
XIKIUQUXDNHBFR-UHFFFAOYSA-N,3,6,569,31.959996463284295
TWFZGCMQGLPBSX-UHFFFAOYSA-N,6,16,400,6.270434295302205
VEMKTZHHVJILDY-UXHICEINSA-N,6,101,4203,46.15085382079649
RJKCKKDSSSRYCB-UHFFFAOYSA-N,6,13,847,33.7043371373611
ZZYSLNWGKKDOML-UHFFFAOYSA-N,5,38,1346,18.888017153317115
GCKMFJBGXUYNAG-HLXURNFRSA-N,6,73,2791,30.480281790259205
BBXXLROWFHWFQY-UHFFFAOYSA-N,6,51,893,9.840367897257671
AWYOMXWDGWUJHS-UHFFFAOYSA-N,6,30,267,5.670825123585151
BAZVSMNPJJMILC-UHFFFAOYSA-N,2,2,28,5.685075938364366
QGHREAKMXXNCOA-UHFFFAOYSA-N,6,42,700,14.214201550122537
MCJGNVYPOGVAJF-UHFFFAOYSA-N,4,8,361,9.764972619295852
HBPDKDSFLXWOAE-UHFFFAOYSA-N,6,33,347,5.91791403082405
KTALPKYXQZGAEG-UHFFFAOYSA-N,6,13,21,0.5919852340003929
ZZCHHVUQYRMYLW-HKBQPEDESA-N,6,44,1486,20.585058272405263
ULSLJYXHZDTLQK-UHFFFAOYSA-N,6,36,2099,39.41156890639658
IAJNXBNRYMEYAZ-UHFFFAOYSA-N,6,46,995,13.084806347800663
AMEKQAFGQBKLKX-UHFFFAOYSA-N,3,10,27,0.5613988982594295
PRLVTUNWOQKEAI-UHFFFAOYSA-N,6,29,803,18.89710401618177
WYKYKTKDBLFHCY-UHFFFAOYSA-N,6,67,1659,27.98852047395608
OIJHFHYPXWSVPF-UHFFFAOYSA-N,6,18,140,2.7256104190198815
WDRGQGLIUAMOOC-UHFFFAOYSA-N,4,11,892,37.293314046368884
CLKZWXHKFXZIMA-UHFFFAOYSA-N,6,24,592,11.311913201377358
GDLIGKIOYRNHDA-UHFFFAOYSA-N,6,19,187,7.717735705181831
IVUXTESCPZUGJC-UHFFFAOYSA-N,6,9,100,10.106422442140946
OMFXVFTZEKFJBZ-HJTSIMOOSA-N,5,223,6292,45.91975726947138
FULZLIGZKMKICU-UHFFFAOYSA-N,6,38,633,9.838501233762672
ZRKZFNZPJKEWPC-UHFFFAOYSA-N,6,17,297,8.599943829340395
XWPZUHJBOLQNMN-UHFFFAOYSA-N,6,12,106,7.881017990161362
RDCAZFAKCIEASQ-UHFFFAOYSA-N,6,27,425,10.326348433554148
QIWQQMZFTOCFGF-UHFFFAOYSA-N,6,51,381,4.143139476234531
ILBONRFSLATCRE-UHFFFAOYSA-N,6,28,78,2.3113200689200486
NXQMCAOPTPLPRL-UHFFFAOYSA-N,5,26,1472,37.893571538838344
XSDQTOBWRPYKKA-UHFFFAOYSA-N,6,39,93,1.2788688542695434
HKQYGTCOTHHOMP-UHFFFAOYSA-N,12,148,1767,9.322611701370702
DGFVZQGXKQCQGK-UHFFFAOYSA-N,6,32,977,26.756086008180716
JHWNWJKBPDFINM-UHFFFAOYSA-N,5,32,1263,19.39229657924664
DSKJPMWIHSOYEA-UHFFFAOYSA-N,6,134,2208,15.822176666463424
JWUCHKBSVLQQCO-UHFFFAOYSA-N,6,21,229,9.18288289360344
DFWFIQKMSFGDCQ-UHFFFAOYSA-N,6,27,190,6.174632219691233
IITCWRFYJWUUPC-UHFFFAOYSA-N,6,30,237,3.2686345581142295
WYWHKKSPHMUBEB-UHFFFAOYSA-N,4,23,115,2.4253986851142333
WXZVAROIGSFCFJ-UHFFFAOYSA-N,6,74,1242,16.181321218560303
PZBLUWVMZMXIKZ-UHFFFAOYSA-N,5,37,1104,16.217056548903056
GPXLRLUVLMHHIK-UHFFFAOYSA-N,6,23,96,1.5177931965468097
BLFZMXOCPASACY-UHFFFAOYSA-N,3,16,50,1.2774046885298675
FTLQSQQQFMZPKO-UHFFFAOYSA-N,5,50,839,10.427169079262473
AQIIVEISJBBUCR-UHFFFAOYSA-N,6,26,789,16.646141223405294
QZCLKYGREBVARF-UHFFFAOYSA-N,5,26,309,6.163088456266837
VHEWQRWLIDWRMR-UHFFFAOYSA-N,2,4,17,0.6933123430375924
JTEGQNOMFQHVDC-RQJHMYQMSA-N,6,20,168,3.490143761674975
IIBYAHWJQTYFKB-UHFFFAOYSA-N,6,45,1630,25.902768322997844
FNYLWPVRPXGIIP-UHFFFAOYSA-N,5,23,220,4.723166460967367
TVLSRXXIMLFWEO-UHFFFAOYSA-N,6,55,353,5.958392814317641
FBMQNRKSAWNXBT-UHFFFAOYSA-N,5,49,916,10.679802973216283
BACYUWVYYTXETD-UHFFFAOYSA-N,6,37,1179,18.900037924535127
FBOUIAKEJMZPQG-AWNIVKPZSA-N,5,9,85,7.491890772790961
QIKYZXDTTPVVAC-UHFFFAOYSA-N,6,29,1136,22.786565763683555
POPFMWWJOGLOIF-XWCQMRHXSA-N,3,239,5074,33.02278714738694
HAORKNGNJCEJBX-UHFFFAOYSA-N,6,79,2909,38.70288601974488
IRJQWZWMQCVOLA-DNTJNYDQSA-N,6,88,1231,12.319188185992076
UBCKGWBNUIFUST-YHYXMXQVSA-N,6,19,36,1.8319950921268
WXWCDTXEKCVRRO-UHFFFAOYSA-N,5,24,727,11.535694108988329
NHUHCSRWZMLRLA-UHFFFAOYSA-N,5,58,1260,23.541060562108033
CNKHSLKYRMDDNQ-UHFFFAOYSA-N,5,17,329,9.283842102093868
OJPDDQSCZGTACX-UHFFFAOYSA-N,6,45,1740,24.338442587009496
ALZOLUNSQWINIR-UHFFFAOYSA-N,6,62,1564,26.278080535730542
VVBLNCFGVYUYGU-UHFFFAOYSA-N,5,32,1827,30.579009976223894
FTEQMUXMWCGJAF-GRYCIOLGSA-N,6,155,2740,21.042122470109124
BCGWQEUPMDMJNV-UHFFFAOYSA-N,6,19,208,7.882678892140835
JJJPNTQYUJPWGQ-UHFFFAOYSA-N,5,23,812,18.431836032279882
ZJJXGWJIGJFDTL-UHFFFAOYSA-N,6,93,2028,21.18403154533014
PVNIIMVLHYAWGP-UHFFFAOYSA-N,6,18,343,6.408430337178115
YFGYUFNIOHWBOB-UHFFFAOYSA-N,6,19,172,10.400758379369693
DGFTWBUZRHAHTH-UHFFFAOYSA-N,6,25,1211,31.36413038907105
QTYCMDBMOLSEAM-UHFFFAOYSA-N,6,12,108,8.10757148786978
MQJKPEGWNLWLTK-UHFFFAOYSA-N,4,23,821,23.74523846993185
NJDBZBVQIMZWPP-SFHVURJKSA-N,6,26,56,1.0510431878581965
WDQFELCEOPFLCZ-UHFFFAOYSA-N,6,28,439,6.375226704412187
CAWXEEYDBZRFPE-UHFFFAOYSA-N,6,23,308,6.315697079521671
PMHURSZHKKJGBM-UHFFFAOYSA-N,5,17,467,8.600235512149984
RECCURWJDVZHIH-UHFFFAOYSA-N,4,22,393,13.494694685435348
SYJGKVOENHZYMQ-UHFFFAOYSA-N,5,182,1890,15.330663053758556
WVQBLGZPHOPPFO-UHFFFAOYSA-N,6,87,2713,30.287107078093804
WJCNZQLZVWNLKY-UHFFFAOYSA-N,5,17,485,9.277138234611646
QJACRCAPQIYMIH-UHFFFAOYSA-N,6,8,112,10.819013013758477
YPEWWOUWRRQBAX-UHFFFAOYSA-N,6,23,261,11.225238875419544
LPMXVESGRSUGHW-HBYQJFLCSA-N,5,176,5079,40.69604566700507
XXPANQJNYNUNES-UHFFFAOYSA-N,6,70,2030,32.07295103950798
DFPAKSUCGFBDDF-UHFFFAOYSA-N,7,18,272,5.956705508540881
BYYMILHAKOURNM-UHFFFAOYSA-N,5,71,1293,16.803347625770833
XZZNDPSIHUTMOC-UHFFFAOYSA-N,6,53,1648,23.08566247301522
QEVHRUUCFGRFIF-MDEJGZGSSA-N,14,177,3380,22.280224007188252
KJCVRFUGPWSIIH-UHFFFAOYSA-N,6,30,1103,22.704029831325503
BEOZJBLIRPRMJM-UHFFFAOYSA-N,5,98,1765,16.947401706018827
PJVWKTKQMONHTI-UHFFFAOYSA-N,5,54,2193,27.240569797607343
LTPSRQRIPCVMKQ-UHFFFAOYSA-N,2,6,373,23.167209942772732
WKEDVNSFRWHDNR-UHFFFAOYSA-N,2,4,108,6.325906384758383
FQEBOQLYHASAOY-UHFFFAOYSA-N,5,24,54,1.1073140116856242
DJNZZLZKAXGMMC-UHFFFAOYSA-N,6,34,61,0.7627005751618867
NVGOPFQZYCNLDU-UHFFFAOYSA-N,6,123,673,5.8665416476368915
PVSGXWMWNRGTKE-UHFFFAOYSA-N,6,78,966,10.946874744621386
XMTQQYYKAHVGBJ-UHFFFAOYSA-N,5,9,91,9.682383550111595
NJXZWIIMWNEOGJ-WEWKHQNJSA-N,6,71,2040,23.992193104982913
YNVKAENVJKEMOU-UHFFFAOYSA-N,6,83,724,8.229710434605545
IKVXBIIHQGXQRQ-UHFFFAOYSA-N,6,17,720,19.586546206753894
IKYICRRUVNIHPP-UHFFFAOYSA-N,6,41,387,8.560324315548634
IBXPYPUJPLLOIN-UHFFFAOYSA-N,5,33,305,7.120990004417092
NUPJIGQFXCQJBK-UHFFFAOYSA-N,5,99,1542,15.08935790531501
LKJPSUCKSLORMF-UHFFFAOYSA-N,2,11,79,3.5411233011725476
OWNAXTAAAQTBSP-UHFFFAOYSA-N,6,10,166,10.824064914955153
BMLIZLVNXIYGCK-UHFFFAOYSA-N,5,11,142,10.581338782061163
HTRVALPKPVGOSZ-UHFFFAOYSA-N,2,6,411,25.55834735312466
LMTIGABGABPAGU-UHFFFAOYSA-N,6,42,1820,26.84179730789109
YREQHYQNNWYQCJ-UHFFFAOYSA-N,6,309,7357,43.613096232186344
KAJJGOCSAXKXBD-UHFFFAOYSA-N,6,38,855,11.366804722843847
COYBRKAVBMYYSF-UHFFFAOYSA-N,6,27,249,3.203462022272043
ONWXNHPOAGOMTG-UHFFFAOYSA-N,5,104,3476,37.83328170733726
YBJHBAHKTGYVGT-ZKWXMUAHSA-N,6,118,2459,22.40678923623869
RIZMRRKBZQXFOY-UHFFFAOYSA-N,6,17,85,2.988719720102419
MTMKZABGIQJAEX-UHFFFAOYSA-N,5,49,2580,38.08568755521483
QWCRAEMEVRGPNT-UHFFFAOYSA-N,6,56,1184,13.94787475993702
MVQUJEUCFOGFJU-UHFFFAOYSA-N,5,41,715,10.296120819365091
GXPHKUHSUJUWKP-UHFFFAOYSA-N,2,40,1473,22.912166075977492
NEKOXWSIMFDGMA-UHFFFAOYSA-N,5,277,5679,39.14368035497062
NIBCDDKWFDEBEP-UHFFFAOYSA-N,6,62,1139,18.826754967852928
DTAPQAJKAFRNJB-UHFFFAOYSA-N,5,20,942,25.331601689616434
JAEZSIYNWDWMMN-UHFFFAOYSA-N,6,16,128,3.5076105725204036
VAIZTNZGPYBOGF-CYBMUJFWSA-N,6,59,1269,30.383231485021064
SBNFWQZLDJGRLK-UHFFFAOYSA-N,2,12,331,7.5049439071818655
JISACBWYRJHSMG-UHFFFAOYSA-N,2,8,9,0.23988668786570294
PZBQVZFITSVHAW-UHFFFAOYSA-N,2,14,112,3.476672692184733
QAYICIQNSGETAS-UHFFFAOYSA-N,2,8,205,9.579528534805782
NLYNUTMZTCLNOO-UHFFFAOYSA-N,2,22,68,2.001641557175101
KZNIFHPLKGYRTM-UHFFFAOYSA-N,1,1,6,0.8291869615921763
REFJWTPEDVJJIY-UHFFFAOYSA-N,4,41,171,2.3459817534720586
KWIUHFFTVRNATP-UHFFFAOYSA-N,2,9,7,0.27232532491873024
IYRMWMYZSQPJKC-UHFFFAOYSA-N,13,91,1430,11.133430084649197
OPTASPLRGRRNAP-UHFFFAOYSA-N,1,2,5,0.46353124556885983
POJWUDADGALRAB-UHFFFAOYSA-N,1,2,9,0.3332114953684364
ONIBWKKTOPOVIA-UHFFFAOYSA-N,20,35,166,3.0883727690623464
LEHOTFFKMJEONL-UHFFFAOYSA-N,1,7,33,1.070970784627474
SEOVTRFCIGRIMH-UHFFFAOYSA-N,1,1,4,0.5216734007714158
RZVAJINKPMORJF-UHFFFAOYSA-N,1,1,1,0.08044704796385935
AGPKZVBTJJNPAG-UHFFFAOYSA-N,13,25,174,3.5959768043725813
QIVBCDIJIAJPQS-VIFPVBQESA-N,5,5,27,1.851995813281483
FDGQSTZJBFJUBT-UHFFFAOYSA-N,1,4,22,1.1989061377596124
AYFVYJQAPQTCCC-GBXIJSLDSA-N,1,2,11,1.4510447624236646
OUYCCCASQSFEME-QMMMGPOBSA-N,1,3,14,1.3734291617894554
QUNWUDVFRNGTCO-UHFFFAOYSA-N,1,5,30,1.1886214593588271
ODHCTXKNWHHXJC-VKHMYHEASA-N,1,1,0,0.0
AKNNEGZIBPJZJG-MSOLQXFVSA-N,4,17,35,0.3153552441034745
JQXXHWHPUNPDRT-WLSIYKJHSA-N,4,4,0,0.0
PSFDQSOCUJVVGF-UHFFFAOYSA-N,3,9,186,3.8078975173699043
GUBGYTABKSRVRQ-DCSYEGIMSA-N,1,8,57,2.1279691575559374
COLNVLDHVKWLRT-UHFFFAOYSA-N,9,15,174,6.530874281185601
LUKBXSAWLPMMSZ-OWOJBTEDSA-N,4,31,363,5.517120316056022
USVMJSALORZVDV-SDBHATRESA-N,2,7,35,1.1651982657155162
PFTAWBLQPZVEMU-UKRRQHHQSA-N,4,47,231,4.660150595286663
IKGXIBQEEMLURG-NVPNHPEKSA-N,5,49,44,0.4768255914955857
OIRDTQYFTABQOQ-KQYNXXCUSA-N,4,9,49,1.980130965694789
TZBJGXHYKVUXJN-UHFFFAOYSA-N,3,27,175,3.7021960060751784
DZGWFCGJZKJUFP-UHFFFAOYSA-N,8,27,65,2.644057567126682
ULGZDMOVFRHVEP-RWJQBGPGSA-N,4,33,17,0.24606383786113417
JUVIOZPCNVVQFO-HBGVWJBISA-N,6,65,223,1.997626175329047
FBPFZTCFMRRESA-KVTDHHQDSA-N,1,9,210,8.43579526092591
AUVVAXYIELKVAI-CKBKHPSWSA-N,2,33,19,0.23190522294350954
FBPFZTCFMRRESA-JGWLITMVSA-N,1,5,144,8.287299141386935
KBPHJBAIARWVSC-RGZFRNHPSA-N,2,219,1557,7.876042112903966
JKQXZKUSFCKOGQ-QAYBQHTQSA-N,5,454,3396,14.589638764874667
GSDSWSVVBLHKDQ-UHFFFAOYSA-N,2,37,49,0.8762714212237865
OAIJSZIZWZSQBC-GYZMGTAESA-N,2,298,1886,11.942297910084227
KUBCEEMXQZUPDQ-UHFFFAOYSA-N,6,22,1226,26.13813340524024
AFHJQYHRLPMKHU-OSYMLPPYSA-N,16,69,401,4.713752002422737
ZQSIJRDFPHDXIC-UHFFFAOYSA-N,7,91,2058,25.315094014380076
GPLGAQQQNWMVMM-MYAJQUOBSA-N,13,173,3305,26.04777296448778
ATEFPOUAMCWAQS-UHFFFAOYSA-N,11,90,1703,18.757180061194813
QVCMHGGNRFRMAD-XFGHUUIASA-N,20,177,2010,14.031846303515822
HJOVHMDZYOCNQW-UHFFFAOYSA-N,10,67,2723,37.15067368168891
MFYSYFVPBJMHGN-ZPOLXVRWSA-N,7,202,5309,39.26762695804786
ZRJBHWIHUMBLCN-YQEJDHNASA-N,4,54,699,9.043123534809187
RKUNBYITZUJHSG-SPUOUPEWSA-N,6,47,1693,24.689936358623438
XFSBVAOIAHNAPC-XTHSEXKGSA-N,2,6,438,15.130976468539485
SLRCCWJSBJZJBV-ZQDZILKHSA-N,12,24,147,2.070019356058879
BLGXFZZNTVWLAY-SCYLSFHTSA-N,7,23,656,9.771809132433223
LTMHDMANZUZIPE-PUGKRICDSA-N,1,2,0,0.0
OLOOJGVNMBJLLR-UHFFFAOYSA-N,10,50,675,8.960505690165604
GFFGJBXGBJISGV-UHFFFAOYSA-N,3,9,97,2.9782473160319984
XBPCUCUWBYBCDP-UHFFFAOYSA-N,5,16,299,6.662693798045917
MBMQEIFVQACCCH-QBODLPLBSA-N,1,4,11,0.34314233432667524
QCHFTSOMWOSFHM-WPRPVWTQSA-N,5,25,129,2.7980245068411445
ZYGHJZDHTFUPRJ-UHFFFAOYSA-N,3,8,573,19.459958641761414
SNICXCGAKADSCV-JTQLQIEISA-N,3,19,658,13.136011924363842
XJHDMGJURBVLLE-BOCCBSBMSA-N,2,22,958,16.6487213100887
